,routeid,routestring,EndSolution,origin,destination,weights,weight_of_route,route_flow
0,6829884,"['ALB', 'SRB', 'HUN', 'AUT', 'DEU']",1,ALB,DEU,"[1.5, 1.5, 0.25, 0.0, 0.0]",3.25,ALBDEU
1,6824991,"['ALB', 'MNE', 'SRB', 'HUN', 'AUT', 'DEU']",1,ALB,DEU,"[1.5, 1.5, 1.5, 0.25, 0.0, 0.0]",4.75,ALBDEU
2,6830083,"['ALB', 'SRB', 'HUN', 'SVK', 'CZE', 'DEU']",1,ALB,DEU,"[1.5, 1.5, 0.25, 0.25, 0.25, 0.0]",3.75,ALBDEU
3,6829883,"['ALB', 'SRB', 'HUN', 'AUT', 'CZE', 'DEU']",1,ALB,DEU,"[1.5, 1.5, 0.25, 0.0, 0.25, 0.0]",3.5,ALBDEU
4,6829474,"['ALB', 'SRB', 'HRV', 'HUN', 'AUT', 'DEU']",1,ALB,DEU,"[1.5, 1.5, 0.5, 0.25, 0.0, 0.0]",3.75,ALBDEU
5,6823614,"['ALB', 'MNE', 'HRV', 'HUN', 'AUT', 'DEU']",1,ALB,DEU,"[1.5, 1.5, 0.5, 0.25, 0.0, 0.0]",3.75,ALBDEU
6,6824334,"['ALB', 'MNE', 'HRV', 'SVN', 'AUT', 'DEU']",1,ALB,DEU,"[1.5, 1.5, 0.5, 0.25, 0.0, 0.0]",3.75,ALBDEU
7,6830081,"['ALB', 'SRB', 'HUN', 'SVK', 'AUT', 'DEU']",1,ALB,DEU,"[1.5, 1.5, 0.25, 0.25, 0.0, 0.0]",3.5,ALBDEU
8,6829752,"['ALB', 'SRB', 'HRV', 'SVN', 'AUT', 'DEU']",1,ALB,DEU,"[1.5, 1.5, 0.5, 0.25, 0.0, 0.0]",3.75,ALBDEU
9,6827958,"['ALB', 'MKD', 'SRB', 'HUN', 'AUT', 'DEU']",1,ALB,DEU,"[1.5, 1.5, 1.5, 0.25, 0.0, 0.0]",4.75,ALBDEU
0,6831704,"['ALB', 'GRC']",1,ALB,GRC,"[1.5, 0.5]",2.0,ALBGRC
0,6849753,"['ALB', 'SRB', 'HUN', 'SVN', 'ITA']",1,ALB,ITA,"[1.5, 1.5, 0.25, 0.25, 0.25]",3.75,ALBITA
1,6838894,"['ALB', 'MNE', 'HRV', 'SVN', 'ITA']",1,ALB,ITA,"[1.5, 1.5, 0.5, 0.25, 0.25]",4.0,ALBITA
2,6848365,"['ALB', 'SRB', 'HRV', 'SVN', 'ITA']",1,ALB,ITA,"[1.5, 1.5, 0.5, 0.25, 0.25]",4.0,ALBITA
3,6848666,"['ALB', 'SRB', 'HUN', 'AUT', 'ITA']",1,ALB,ITA,"[1.5, 1.5, 0.25, 0.0, 0.25]",3.5,ALBITA
4,6839635,"['ALB', 'MNE', 'SRB', 'HRV', 'SVN', 'ITA']",1,ALB,ITA,"[1.5, 1.5, 1.5, 0.5, 0.25, 0.25]",5.5,ALBITA
5,6837187,"['ALB', 'MNE', 'HRV', 'HUN', 'AUT', 'ITA']",1,ALB,ITA,"[1.5, 1.5, 0.5, 0.25, 0.0, 0.25]",4.0,ALBITA
6,6844346,"['ALB', 'MKD', 'SRB', 'HRV', 'SVN', 'ITA']",1,ALB,ITA,"[1.5, 1.5, 1.5, 0.5, 0.25, 0.25]",5.5,ALBITA
7,6840147,"['ALB', 'MNE', 'SRB', 'HUN', 'SVN', 'ITA']",1,ALB,ITA,"[1.5, 1.5, 1.5, 0.25, 0.25, 0.25]",5.25,ALBITA
8,6844452,"['ALB', 'MKD', 'SRB', 'HUN', 'AUT', 'ITA']",1,ALB,ITA,"[1.5, 1.5, 1.5, 0.25, 0.0, 0.25]",5.0,ALBITA
9,6838624,"['ALB', 'MNE', 'HRV', 'SVN', 'AUT', 'ITA']",1,ALB,ITA,"[1.5, 1.5, 0.5, 0.25, 0.0, 0.25]",4.0,ALBITA
0,6858478,"['ALB', 'MKD']",1,ALB,MKD,"[1.5, 1.5]",3.0,ALBMKD
1,6852945,"['ALB', 'GRC', 'MKD']",1,ALB,MKD,"[1.5, 0.5, 1.5]",3.5,ALBMKD
2,6852944,"['ALB', 'GRC', 'BGR', 'MKD']",1,ALB,MKD,"[1.5, 0.5, 0.5, 1.5]",4.0,ALBMKD
3,6858477,"['ALB', 'MNE', 'SRB', 'MKD']",1,ALB,MKD,"[1.5, 1.5, 1.5, 1.5]",6.0,ALBMKD
4,6854134,"['ALB', 'MNE', 'BIH', 'SRB', 'MKD']",1,ALB,MKD,"[1.5, 1.5, 1.5, 1.5, 1.5]",7.5,ALBMKD
5,6855713,"['ALB', 'MNE', 'HRV', 'SRB', 'MKD']",1,ALB,MKD,"[1.5, 1.5, 0.5, 1.5, 1.5]",6.5,ALBMKD
6,6856730,"['ALB', 'MNE', 'SRB', 'BGR', 'MKD']",1,ALB,MKD,"[1.5, 1.5, 1.5, 0.5, 1.5]",6.5,ALBMKD
7,6854227,"['ALB', 'MNE', 'HRV', 'BIH', 'SRB', 'MKD']",1,ALB,MKD,"[1.5, 1.5, 0.5, 1.5, 1.5, 1.5]",8.0,ALBMKD
8,6856729,"['ALB', 'MNE', 'SRB', 'BGR', 'GRC', 'MKD']",1,ALB,MKD,"[1.5, 1.5, 1.5, 0.5, 0.5, 1.5]",7.0,ALBMKD
9,6854642,"['ALB', 'MNE', 'HRV', 'HUN', 'SRB', 'MKD']",1,ALB,MKD,"[1.5, 1.5, 0.5, 0.25, 1.5, 1.5]",6.75,ALBMKD
0,6860469,"['ALB', 'SRB']",1,ALB,SRB,"[1.5, 1.5]",3.0,ALBSRB
1,6859901,"['ALB', 'MNE', 'SRB']",1,ALB,SRB,"[1.5, 1.5, 1.5]",4.5,ALBSRB
2,6860468,"['ALB', 'MKD', 'SRB']",1,ALB,SRB,"[1.5, 1.5, 1.5]",4.5,ALBSRB
3,6858740,"['ALB', 'GRC', 'MKD', 'SRB']",1,ALB,SRB,"[1.5, 0.5, 1.5, 1.5]",5.0,ALBSRB
4,6859900,"['ALB', 'MNE', 'HRV', 'SRB']",1,ALB,SRB,"[1.5, 1.5, 0.5, 1.5]",5.0,ALBSRB
5,6859568,"['ALB', 'MNE', 'BIH', 'SRB']",1,ALB,SRB,"[1.5, 1.5, 1.5, 1.5]",6.0,ALBSRB
6,6858678,"['ALB', 'GRC', 'BGR', 'SRB']",1,ALB,SRB,"[1.5, 0.5, 0.5, 1.5]",4.0,ALBSRB
7,6860172,"['ALB', 'MKD', 'BGR', 'SRB']",1,ALB,SRB,"[1.5, 1.5, 0.5, 1.5]",5.0,ALBSRB
8,6859569,"['ALB', 'MNE', 'HRV', 'BIH', 'SRB']",1,ALB,SRB,"[1.5, 1.5, 0.5, 1.5, 1.5]",6.5,ALBSRB
9,6859135,"['ALB', 'GRC', 'TUR', 'BGR', 'SRB']",1,ALB,SRB,"[1.5, 0.5, 1.5, 0.5, 1.5]",5.5,ALBSRB
0,6875416,"['AZE', 'TUR']",1,AZE,TUR,"[1.5, 1.5]",3.0,AZETUR
1,6864058,"['AZE', 'GEO', 'TUR']",1,AZE,TUR,"[1.5, 1.5, 1.5]",4.5,AZETUR
2,6866579,"['AZE', 'RUS', 'GEO', 'TUR']",1,AZE,TUR,"[1.5, 1.75, 1.5, 1.5]",6.25,AZETUR
3,6874254,"['AZE', 'RUS', 'UKR', 'ROU', 'BGR', 'TUR']",1,AZE,TUR,"[1.5, 1.75, 1.5, 0.5, 0.5, 1.5]",7.25,AZETUR
4,6873440,"['AZE', 'RUS', 'UKR', 'MDA', 'ROU', 'BGR', 'TUR']",1,AZE,TUR,"[1.5, 1.75, 1.5, 1.5, 0.5, 0.5, 1.5]",8.75,AZETUR
5,6865894,"['AZE', 'RUS', 'BLR', 'UKR', 'ROU', 'BGR', 'TUR']",1,AZE,TUR,"[1.5, 1.75, 1.75, 1.5, 0.5, 0.5, 1.5]",9.0,AZETUR
6,6874182,"['AZE', 'RUS', 'UKR', 'ROU', 'BGR', 'GRC', 'TUR']",1,AZE,TUR,"[1.5, 1.75, 1.5, 0.5, 0.5, 0.5, 1.5]",7.75,AZETUR
7,6872026,"['AZE', 'RUS', 'POL', 'UKR', 'ROU', 'BGR', 'TUR']",1,AZE,TUR,"[1.5, 1.75, 0.25, 1.5, 0.5, 0.5, 1.5]",7.5,AZETUR
8,6863650,"['AZE', 'GEO', 'RUS', 'UKR', 'ROU', 'BGR', 'TUR']",1,AZE,TUR,"[1.5, 1.5, 1.75, 1.5, 0.5, 0.5, 1.5]",8.75,AZETUR
9,6873045,"['AZE', 'RUS', 'UKR', 'HUN', 'SRB', 'BGR', 'TUR']",1,AZE,TUR,"[1.5, 1.75, 1.5, 0.25, 1.5, 0.5, 1.5]",8.5,AZETUR
0,6875417,"['BGR', 'GRC', 'ALB']",1,BGR,ALB,"[0.5, 0.5, 1.5]",2.5,BGRALB
1,6875418,"['BGR', 'MKD', 'ALB']",1,BGR,ALB,"[0.5, 1.5, 1.5]",3.5,BGRALB
2,6882284,"['BGR', 'SRB', 'ALB']",1,BGR,ALB,"[0.5, 1.5, 1.5]",3.5,BGRALB
3,6879427,"['BGR', 'ROU', 'SRB', 'ALB']",1,BGR,ALB,"[0.5, 0.5, 1.5, 1.5]",4.0,BGRALB
4,6884601,"['BGR', 'TUR', 'GRC', 'ALB']",1,BGR,ALB,"[0.5, 1.5, 0.5, 1.5]",4.0,BGRALB
5,6876363,"['BGR', 'ROU', 'HUN', 'SRB', 'ALB']",1,BGR,ALB,"[0.5, 0.5, 0.25, 1.5, 1.5]",4.25,BGRALB
6,6880190,"['BGR', 'ROU', 'UKR', 'HUN', 'SRB', 'ALB']",1,BGR,ALB,"[0.5, 0.5, 1.5, 0.25, 1.5, 1.5]",5.75,BGRALB
7,6876224,"['BGR', 'ROU', 'HUN', 'HRV', 'SRB', 'ALB']",1,BGR,ALB,"[0.5, 0.5, 0.25, 0.5, 1.5, 1.5]",4.75,BGRALB
8,6876223,"['BGR', 'ROU', 'HUN', 'HRV', 'MNE', 'ALB']",1,BGR,ALB,"[0.5, 0.5, 0.25, 0.5, 1.5, 1.5]",4.75,BGRALB
9,6878663,"['BGR', 'ROU', 'MDA', 'UKR', 'HUN', 'SRB', 'ALB']",1,BGR,ALB,"[0.5, 0.5, 1.5, 1.5, 0.25, 1.5, 1.5]",7.25,BGRALB
0,6886066,"['BGR', 'ROU', 'HUN', 'AUT']",1,BGR,AUT,"[0.5, 0.5, 0.25, 0.0]",1.25,BGRAUT
1,6886835,"['BGR', 'SRB', 'HUN', 'AUT']",1,BGR,AUT,"[0.5, 1.5, 0.25, 0.0]",2.25,BGRAUT
2,6886353,"['BGR', 'ROU', 'SRB', 'HUN', 'AUT']",1,BGR,AUT,"[0.5, 0.5, 1.5, 0.25, 0.0]",2.75,BGRAUT
3,6885852,"['BGR', 'MKD', 'SRB', 'HUN', 'AUT']",1,BGR,AUT,"[0.5, 1.5, 1.5, 0.25, 0.0]",3.75,BGRAUT
4,6886539,"['BGR', 'ROU', 'UKR', 'HUN', 'AUT']",1,BGR,AUT,"[0.5, 0.5, 1.5, 0.25, 0.0]",2.75,BGRAUT
5,6886834,"['BGR', 'SRB', 'HRV', 'SVN', 'AUT']",1,BGR,AUT,"[0.5, 1.5, 0.5, 0.25, 0.0]",2.75,BGRAUT
6,6886712,"['BGR', 'ROU', 'UKR', 'SVK', 'AUT']",1,BGR,AUT,"[0.5, 0.5, 1.5, 0.25, 0.0]",2.75,BGRAUT
7,6886968,"['BGR', 'SRB', 'ROU', 'HUN', 'AUT']",1,BGR,AUT,"[0.5, 1.5, 0.5, 0.25, 0.0]",2.75,BGRAUT
8,6886827,"['BGR', 'SRB', 'HRV', 'HUN', 'AUT']",1,BGR,AUT,"[0.5, 1.5, 0.5, 0.25, 0.0]",2.75,BGRAUT
9,6886173,"['BGR', 'ROU', 'MDA', 'UKR', 'HUN', 'AUT']",1,BGR,AUT,"[0.5, 0.5, 1.5, 1.5, 0.25, 0.0]",4.25,BGRAUT
0,6899692,"['BGR', 'ROU', 'UKR', 'POL', 'DEU', 'BEL']",1,BGR,BEL,"[0.5, 0.5, 1.5, 0.25, 0.0, 0.0]",2.75,BGRBEL
1,6895153,"['BGR', 'ROU', 'HUN', 'AUT', 'DEU', 'BEL']",1,BGR,BEL,"[0.5, 0.5, 0.25, 0.0, 0.0, 0.0]",1.25,BGRBEL
2,6902576,"['BGR', 'SRB', 'HUN', 'AUT', 'DEU', 'BEL']",1,BGR,BEL,"[0.5, 1.5, 0.25, 0.0, 0.0, 0.0]",2.25,BGRBEL
3,6895775,"['BGR', 'ROU', 'HUN', 'SVK', 'POL', 'DEU', 'BEL']",1,BGR,BEL,"[0.5, 0.5, 0.25, 0.25, 0.25, 0.0, 0.0]",1.75,BGRBEL
4,6893557,"['BGR', 'MKD', 'SRB', 'HUN', 'AUT', 'DEU', 'BEL']",1,BGR,BEL,"[0.5, 1.5, 1.5, 0.25, 0.0, 0.0, 0.0]",3.75,BGRBEL
5,6896048,"['BGR', 'ROU', 'HUN', 'SVN', 'AUT', 'DEU', 'BEL']",1,BGR,BEL,"[0.5, 0.5, 0.25, 0.25, 0.0, 0.0, 0.0]",1.5,BGRBEL
6,6895566,"['BGR', 'ROU', 'HUN', 'SVK', 'AUT', 'DEU', 'BEL']",1,BGR,BEL,"[0.5, 0.5, 0.25, 0.25, 0.0, 0.0, 0.0]",1.5,BGRBEL
7,6895045,"['BGR', 'ROU', 'HUN', 'AUT', 'CZE', 'DEU', 'BEL']",1,BGR,BEL,"[0.5, 0.5, 0.25, 0.0, 0.25, 0.0, 0.0]",1.5,BGRBEL
8,6895347,"['BGR', 'ROU', 'HUN', 'AUT', 'CHE', 'DEU', 'BEL']",1,BGR,BEL,"[0.5, 0.5, 0.25, 0.0, 1.0, 0.0, 0.0]",2.25,BGRBEL
9,6895346,"['BGR', 'ROU', 'HUN', 'AUT', 'CHE', 'FRA', 'BEL']",1,BGR,BEL,"[0.5, 0.5, 0.25, 0.0, 1.0, 0.0, 0.0]",2.25,BGRBEL
0,6927495,"['BGR', 'SRB', 'HUN', 'AUT', 'CHE']",1,BGR,CHE,"[0.5, 1.5, 0.25, 0.0, 1.0]",3.25,BGRCHE
1,6917353,"['BGR', 'ROU', 'HUN', 'AUT', 'CHE']",1,BGR,CHE,"[0.5, 0.5, 0.25, 0.0, 1.0]",2.25,BGRCHE
2,6922580,"['BGR', 'ROU', 'UKR', 'HUN', 'AUT', 'CHE']",1,BGR,CHE,"[0.5, 0.5, 1.5, 0.25, 0.0, 1.0]",3.75,BGRCHE
3,6917720,"['BGR', 'ROU', 'HUN', 'SVK', 'AUT', 'CHE']",1,BGR,CHE,"[0.5, 0.5, 0.25, 0.25, 0.0, 1.0]",2.5,BGRCHE
4,6917123,"['BGR', 'ROU', 'HUN', 'AUT', 'ITA', 'CHE']",1,BGR,CHE,"[0.5, 0.5, 0.25, 0.0, 0.25, 1.0]",2.5,BGRCHE
5,6917081,"['BGR', 'ROU', 'HUN', 'AUT', 'DEU', 'CHE']",1,BGR,CHE,"[0.5, 0.5, 0.25, 0.0, 0.0, 1.0]",2.25,BGRCHE
6,6915087,"['BGR', 'MKD', 'SRB', 'HUN', 'AUT', 'CHE']",1,BGR,CHE,"[0.5, 1.5, 1.5, 0.25, 0.0, 1.0]",4.75,BGRCHE
7,6918472,"['BGR', 'ROU', 'HUN', 'SVN', 'AUT', 'CHE']",1,BGR,CHE,"[0.5, 0.5, 0.25, 0.25, 0.0, 1.0]",2.5,BGRCHE
8,6917124,"['BGR', 'ROU', 'HUN', 'AUT', 'LIE', 'CHE']",1,BGR,CHE,"[0.5, 0.5, 0.25, 0.0, 1.0]",2.25,BGRCHE
9,6921110,"['BGR', 'ROU', 'SRB', 'HUN', 'AUT', 'CHE']",1,BGR,CHE,"[0.5, 0.5, 1.5, 0.25, 0.0, 1.0]",3.75,BGRCHE
0,6939035,"['BGR', 'ROU', 'HUN', 'SVK', 'CZE']",1,BGR,CZE,"[0.5, 0.5, 0.25, 0.25, 0.25]",1.75,BGRCZE
1,6941024,"['BGR', 'SRB', 'HUN', 'SVK', 'CZE']",1,BGR,CZE,"[0.5, 1.5, 0.25, 0.25, 0.25]",2.75,BGRCZE
2,6940164,"['BGR', 'ROU', 'UKR', 'POL', 'CZE']",1,BGR,CZE,"[0.5, 0.5, 1.5, 0.25, 0.25]",3.0,BGRCZE
3,6940863,"['BGR', 'SRB', 'HUN', 'AUT', 'CZE']",1,BGR,CZE,"[0.5, 1.5, 0.25, 0.0, 0.25]",2.5,BGRCZE
4,6940198,"['BGR', 'ROU', 'UKR', 'SVK', 'CZE']",1,BGR,CZE,"[0.5, 0.5, 1.5, 0.25, 0.25]",3.0,BGRCZE
5,6938896,"['BGR', 'ROU', 'HUN', 'AUT', 'CZE']",1,BGR,CZE,"[0.5, 0.5, 0.25, 0.0, 0.25]",1.5,BGRCZE
6,6939428,"['BGR', 'ROU', 'MDA', 'UKR', 'SVK', 'CZE']",1,BGR,CZE,"[0.5, 0.5, 1.5, 1.5, 0.25, 0.25]",4.5,BGRCZE
7,6939034,"['BGR', 'ROU', 'HUN', 'SVK', 'AUT', 'CZE']",1,BGR,CZE,"[0.5, 0.5, 0.25, 0.25, 0.0, 0.25]",1.75,BGRCZE
8,6939398,"['BGR', 'ROU', 'MDA', 'UKR', 'POL', 'CZE']",1,BGR,CZE,"[0.5, 0.5, 1.5, 1.5, 0.25, 0.25]",4.5,BGRCZE
9,6939232,"['BGR', 'ROU', 'HUN', 'UKR', 'SVK', 'CZE']",1,BGR,CZE,"[0.5, 0.5, 0.25, 1.5, 0.25, 0.25]",3.25,BGRCZE
0,6947138,"['BGR', 'ROU', 'HUN', 'AUT', 'DEU']",1,BGR,DEU,"[0.5, 0.5, 0.25, 0.0, 0.0]",1.25,BGRDEU
1,6948780,"['BGR', 'ROU', 'UKR', 'POL', 'DEU']",1,BGR,DEU,"[0.5, 0.5, 1.5, 0.25, 0.0]",2.75,BGRDEU
2,6949769,"['BGR', 'SRB', 'HUN', 'AUT', 'DEU']",1,BGR,DEU,"[0.5, 1.5, 0.25, 0.0, 0.0]",2.25,BGRDEU
3,6946465,"['BGR', 'MKD', 'SRB', 'HUN', 'AUT', 'DEU']",1,BGR,DEU,"[0.5, 1.5, 1.5, 0.25, 0.0, 0.0]",3.75,BGRDEU
4,6948178,"['BGR', 'ROU', 'SRB', 'HUN', 'AUT', 'DEU']",1,BGR,DEU,"[0.5, 0.5, 1.5, 0.25, 0.0, 0.0]",2.75,BGRDEU
5,6947400,"['BGR', 'ROU', 'HUN', 'SVN', 'AUT', 'DEU']",1,BGR,DEU,"[0.5, 0.5, 0.25, 0.25, 0.0, 0.0]",1.5,BGRDEU
6,6947263,"['BGR', 'ROU', 'HUN', 'SVK', 'CZE', 'DEU']",1,BGR,DEU,"[0.5, 0.5, 0.25, 0.25, 0.25, 0.0]",1.75,BGRDEU
7,6947137,"['BGR', 'ROU', 'HUN', 'AUT', 'CZE', 'DEU']",1,BGR,DEU,"[0.5, 0.5, 0.25, 0.0, 0.25, 0.0]",1.5,BGRDEU
8,6947307,"['BGR', 'ROU', 'HUN', 'SVK', 'POL', 'DEU']",1,BGR,DEU,"[0.5, 0.5, 0.25, 0.25, 0.25, 0.0]",1.75,BGRDEU
9,6947793,"['BGR', 'ROU', 'MDA', 'UKR', 'POL', 'DEU']",1,BGR,DEU,"[0.5, 0.5, 1.5, 1.5, 0.25, 0.0]",4.25,BGRDEU
0,6973033,"['BGR', 'SRB', 'HUN', 'AUT', 'ITA', 'FRA', 'ESP']",1,BGR,ESP,"[0.5, 1.5, 0.25, 0.0, 0.25, 0.0, 0.25]",2.75,BGRESP
1,6975137,"['BGR', 'SRB', 'HUN', 'SVN', 'ITA', 'FRA', 'ESP']",1,BGR,ESP,"[0.5, 1.5, 0.25, 0.25, 0.25, 0.0, 0.25]",3.0,BGRESP
2,6961416,"['BGR', 'ROU', 'HUN', 'AUT', 'CHE', 'FRA', 'ESP']",1,BGR,ESP,"[0.5, 0.5, 0.25, 0.0, 1.0, 0.0, 0.25]",2.5,BGRESP
3,6973367,"['BGR', 'SRB', 'HUN', 'AUT', 'CHE', 'FRA', 'ESP']",1,BGR,ESP,"[0.5, 1.5, 0.25, 0.0, 1.0, 0.0, 0.25]",3.5,BGRESP
4,6961064,"['BGR', 'ROU', 'HUN', 'AUT', 'ITA', 'FRA', 'ESP']",1,BGR,ESP,"[0.5, 0.5, 0.25, 0.0, 0.25, 0.0, 0.25]",1.75,BGRESP
5,6960933,"['BGR', 'ROU', 'HUN', 'AUT', 'DEU', 'FRA', 'ESP']",1,BGR,ESP,"[0.5, 0.5, 0.25, 0.0, 0.0, 0.0, 0.25]",1.5,BGRESP
6,6962987,"['BGR', 'ROU', 'HUN', 'SVN', 'ITA', 'FRA', 'ESP']",1,BGR,ESP,"[0.5, 0.5, 0.25, 0.25, 0.25, 0.0, 0.25]",2.0,BGRESP
7,6972897,"['BGR', 'SRB', 'HUN', 'AUT', 'DEU', 'FRA', 'ESP']",1,BGR,ESP,"[0.5, 1.5, 0.25, 0.0, 0.0, 0.0, 0.25]",2.5,BGRESP
8,6972600,"['BGR', 'SRB', 'HRV', 'SVN', 'ITA', 'FRA', 'ESP']",1,BGR,ESP,"[0.5, 1.5, 0.5, 0.25, 0.25, 0.0, 0.25]",3.25,BGRESP
9,6968314,"['BGR', 'ROU', 'UKR', 'POL', 'DEU', 'FRA', 'ESP']",1,BGR,ESP,"[0.5, 0.5, 1.5, 0.25, 0.0, 0.0, 0.25]",3.0,BGRESP
0,6989036,"['BGR', 'ROU', 'HUN', 'AUT', 'DEU', 'FRA']",1,BGR,FRA,"[0.5, 0.5, 0.25, 0.0, 0.0, 0.0]",1.25,BGRFRA
1,6989037,"['BGR', 'ROU', 'HUN', 'AUT', 'ITA', 'FRA']",1,BGR,FRA,"[0.5, 0.5, 0.25, 0.0, 0.25, 0.0]",1.5,BGRFRA
2,6996084,"['BGR', 'SRB', 'HUN', 'AUT', 'DEU', 'FRA']",1,BGR,FRA,"[0.5, 1.5, 0.25, 0.0, 0.0, 0.0]",2.25,BGRFRA
3,6989982,"['BGR', 'ROU', 'HUN', 'SVN', 'ITA', 'FRA']",1,BGR,FRA,"[0.5, 0.5, 0.25, 0.25, 0.25, 0.0]",1.75,BGRFRA
4,6995930,"['BGR', 'SRB', 'HRV', 'SVN', 'ITA', 'FRA']",1,BGR,FRA,"[0.5, 1.5, 0.5, 0.25, 0.25, 0.0]",3.0,BGRFRA
5,6989213,"['BGR', 'ROU', 'HUN', 'AUT', 'CHE', 'FRA']",1,BGR,FRA,"[0.5, 0.5, 0.25, 0.0, 1.0, 0.0]",2.25,BGRFRA
6,6996085,"['BGR', 'SRB', 'HUN', 'AUT', 'ITA', 'FRA']",1,BGR,FRA,"[0.5, 1.5, 0.25, 0.0, 0.25, 0.0]",2.5,BGRFRA
7,6997196,"['BGR', 'SRB', 'HUN', 'SVN', 'ITA', 'FRA']",1,BGR,FRA,"[0.5, 1.5, 0.25, 0.25, 0.25, 0.0]",2.75,BGRFRA
8,6993331,"['BGR', 'ROU', 'UKR', 'POL', 'DEU', 'FRA']",1,BGR,FRA,"[0.5, 0.5, 1.5, 0.25, 0.0, 0.0]",2.75,BGRFRA
9,6996249,"['BGR', 'SRB', 'HUN', 'AUT', 'CHE', 'FRA']",1,BGR,FRA,"[0.5, 1.5, 0.25, 0.0, 1.0, 0.0]",3.25,BGRFRA
0,7002569,"['BGR', 'GRC']",1,BGR,GRC,"[0.5, 0.5]",1.0,BGRGRC
0,7015980,"['BGR', 'SRB', 'HRV', 'SVN', 'ITA']",1,BGR,ITA,"[0.5, 1.5, 0.5, 0.25, 0.25]",3.0,BGRITA
1,7009871,"['BGR', 'ROU', 'HUN', 'SVN', 'ITA']",1,BGR,ITA,"[0.5, 0.5, 0.25, 0.25, 0.25]",1.75,BGRITA
2,7009032,"['BGR', 'ROU', 'HUN', 'AUT', 'ITA']",1,BGR,ITA,"[0.5, 0.5, 0.25, 0.0, 0.25]",1.5,BGRITA
3,7016278,"['BGR', 'SRB', 'HUN', 'AUT', 'ITA']",1,BGR,ITA,"[0.5, 1.5, 0.25, 0.0, 0.25]",2.5,BGRITA
4,7017326,"['BGR', 'SRB', 'HUN', 'SVN', 'ITA']",1,BGR,ITA,"[0.5, 1.5, 0.25, 0.25, 0.25]",2.75,BGRITA
5,7011675,"['BGR', 'ROU', 'SRB', 'HRV', 'SVN', 'ITA']",1,BGR,ITA,"[0.5, 0.5, 1.5, 0.5, 0.25, 0.25]",3.5,BGRITA
6,7007386,"['BGR', 'MKD', 'SRB', 'HUN', 'AUT', 'ITA']",1,BGR,ITA,"[0.5, 1.5, 1.5, 0.25, 0.0, 0.25]",4.0,BGRITA
7,7009115,"['BGR', 'ROU', 'HUN', 'HRV', 'SVN', 'ITA']",1,BGR,ITA,"[0.5, 0.5, 0.25, 0.5, 0.25, 0.25]",2.25,BGRITA
8,7009257,"['BGR', 'ROU', 'HUN', 'SVK', 'AUT', 'ITA']",1,BGR,ITA,"[0.5, 0.5, 0.25, 0.25, 0.0, 0.25]",1.75,BGRITA
9,7011778,"['BGR', 'ROU', 'SRB', 'HUN', 'AUT', 'ITA']",1,BGR,ITA,"[0.5, 0.5, 1.5, 0.25, 0.0, 0.25]",3.0,BGRITA
0,7023135,"['BGR', 'MKD']",1,BGR,MKD,"[0.5, 1.5]",2.0,BGRMKD
1,7023134,"['BGR', 'GRC', 'MKD']",1,BGR,MKD,"[0.5, 0.5, 1.5]",2.5,BGRMKD
2,7023133,"['BGR', 'GRC', 'ALB', 'MKD']",1,BGR,MKD,"[0.5, 0.5, 1.5, 1.5]",4.0,BGRMKD
3,7023132,"['BGR', 'GRC', 'ALB', 'MNE', 'SRB', 'MKD']",1,BGR,MKD,"[0.5, 0.5, 1.5, 1.5, 1.5, 1.5]",7.0,BGRMKD
4,7022810,"['BGR', 'GRC', 'ALB', 'MNE', 'BIH', 'SRB', 'MKD']",1,BGR,MKD,"[0.5, 0.5, 1.5, 1.5, 1.5, 1.5, 1.5]",8.5,BGRMKD
5,7022929,"['BGR', 'GRC', 'ALB', 'MNE', 'HRV', 'SRB', 'MKD']",1,BGR,MKD,"[0.5, 0.5, 1.5, 1.5, 0.5, 1.5, 1.5]",7.5,BGRMKD
6,7022761,"['BGR', 'GRC', 'ALB', 'MNE', 'BIH', 'HRV', 'SRB', 'MKD']",1,BGR,MKD,"[0.5, 0.5, 1.5, 1.5, 1.5, 0.5, 1.5, 1.5]",9.0,BGRMKD
7,7022816,"['BGR', 'GRC', 'ALB', 'MNE', 'HRV', 'BIH', 'SRB', 'MKD']",1,BGR,MKD,"[0.5, 0.5, 1.5, 1.5, 0.5, 1.5, 1.5, 1.5]",9.0,BGRMKD
8,7022850,"['BGR', 'GRC', 'ALB', 'MNE', 'HRV', 'HUN', 'SRB', 'MKD']",1,BGR,MKD,"[0.5, 0.5, 1.5, 1.5, 0.5, 0.25, 1.5, 1.5]",7.75,BGRMKD
9,7022743,"['BGR', 'GRC', 'ALB', 'MNE', 'BIH', 'HRV', 'HUN', 'SRB', 'MKD']",1,BGR,MKD,"[0.5, 0.5, 1.5, 1.5, 1.5, 0.5, 0.25, 1.5, 1.5]",9.25,BGRMKD
0,7042194,"['BGR', 'SRB', 'HUN', 'AUT', 'DEU', 'NLD']",1,BGR,NLD,"[0.5, 1.5, 0.25, 0.0, 0.0, 0.0]",2.25,BGRNLD
1,7037993,"['BGR', 'ROU', 'UKR', 'POL', 'DEU', 'NLD']",1,BGR,NLD,"[0.5, 0.5, 1.5, 0.25, 0.0, 0.0]",2.75,BGRNLD
2,7031234,"['BGR', 'ROU', 'HUN', 'AUT', 'DEU', 'NLD']",1,BGR,NLD,"[0.5, 0.5, 0.25, 0.0, 0.0, 0.0]",1.25,BGRNLD
3,7032717,"['BGR', 'ROU', 'HUN', 'SVN', 'AUT', 'DEU', 'NLD']",1,BGR,NLD,"[0.5, 0.5, 0.25, 0.25, 0.0, 0.0, 0.0]",1.5,BGRNLD
4,7029119,"['BGR', 'MKD', 'SRB', 'HUN', 'AUT', 'DEU', 'NLD']",1,BGR,NLD,"[0.5, 1.5, 1.5, 0.25, 0.0, 0.0, 0.0]",3.75,BGRNLD
5,7031177,"['BGR', 'ROU', 'HUN', 'AUT', 'DEU', 'BEL', 'NLD']",1,BGR,NLD,"[0.5, 0.5, 0.25, 0.0, 0.0, 0.0, 0.0]",1.25,BGRNLD
6,7033309,"['BGR', 'ROU', 'HUN', 'UKR', 'POL', 'DEU', 'NLD']",1,BGR,NLD,"[0.5, 0.5, 0.25, 1.5, 0.25, 0.0, 0.0]",3.0,BGRNLD
7,7032165,"['BGR', 'ROU', 'HUN', 'SVK', 'CZE', 'DEU', 'NLD']",1,BGR,NLD,"[0.5, 0.5, 0.25, 0.25, 0.25, 0.0, 0.0]",1.75,BGRNLD
8,7031968,"['BGR', 'ROU', 'HUN', 'SVK', 'AUT', 'DEU', 'NLD']",1,BGR,NLD,"[0.5, 0.5, 0.25, 0.25, 0.0, 0.0, 0.0]",1.5,BGRNLD
9,7031615,"['BGR', 'ROU', 'HUN', 'AUT', 'CHE', 'DEU', 'NLD']",1,BGR,NLD,"[0.5, 0.5, 0.25, 0.0, 1.0, 0.0, 0.0]",2.25,BGRNLD
0,7058108,"['BGR', 'ROU', 'UKR', 'POL']",1,BGR,POL,"[0.5, 0.5, 1.5, 0.25]",2.75,BGRPOL
1,7060195,"['BGR', 'SRB', 'HUN', 'SVK', 'POL']",1,BGR,POL,"[0.5, 1.5, 0.25, 0.25, 0.25]",2.75,BGRPOL
2,7056257,"['BGR', 'ROU', 'HUN', 'UKR', 'POL']",1,BGR,POL,"[0.5, 0.5, 0.25, 1.5, 0.25]",3.0,BGRPOL
3,7061777,"['BGR', 'TUR', 'GEO', 'RUS', 'POL']",1,BGR,POL,"[0.5, 1.5, 1.5, 1.75, 0.25]",5.5,BGRPOL
4,7060494,"['BGR', 'SRB', 'HUN', 'UKR', 'POL']",1,BGR,POL,"[0.5, 1.5, 0.25, 1.5, 0.25]",4.0,BGRPOL
5,7061713,"['BGR', 'SRB', 'ROU', 'UKR', 'POL']",1,BGR,POL,"[0.5, 1.5, 0.5, 1.5, 0.25]",4.25,BGRPOL
6,7057608,"['BGR', 'ROU', 'UKR', 'BLR', 'POL']",1,BGR,POL,"[0.5, 0.5, 1.5, 1.75, 0.25]",4.5,BGRPOL
7,7061745,"['BGR', 'TUR', 'AZE', 'RUS', 'POL']",1,BGR,POL,"[0.5, 1.5, 1.5, 1.75, 0.25]",5.5,BGRPOL
8,7056484,"['BGR', 'ROU', 'MDA', 'UKR', 'POL']",1,BGR,POL,"[0.5, 0.5, 1.5, 1.5, 0.25]",4.25,BGRPOL
9,7055929,"['BGR', 'ROU', 'HUN', 'SVK', 'POL']",1,BGR,POL,"[0.5, 0.5, 0.25, 0.25, 0.25]",1.75,BGRPOL
0,7078349,"['BGR', 'ROU', 'UKR', 'POL', 'DEU', 'FRA', 'ESP', 'PRT']",1,BGR,PRT,"[0.5, 0.5, 1.5, 0.25, 0.0, 0.0, 0.25, 0.0]",3.0,BGRPRT
1,7085412,"['BGR', 'SRB', 'HUN', 'SVN', 'ITA', 'FRA', 'ESP', 'PRT']",1,BGR,PRT,"[0.5, 1.5, 0.25, 0.25, 0.25, 0.0, 0.25, 0.0]",3.0,BGRPRT
2,7083083,"['BGR', 'SRB', 'HUN', 'AUT', 'DEU', 'FRA', 'ESP', 'PRT']",1,BGR,PRT,"[0.5, 1.5, 0.25, 0.0, 0.0, 0.0, 0.25, 0.0]",2.5,BGRPRT
3,7072885,"['BGR', 'ROU', 'HUN', 'SVN', 'ITA', 'FRA', 'ESP', 'PRT']",1,BGR,PRT,"[0.5, 0.5, 0.25, 0.25, 0.25, 0.0, 0.25, 0.0]",2.0,BGRPRT
4,7083582,"['BGR', 'SRB', 'HUN', 'AUT', 'CHE', 'FRA', 'ESP', 'PRT']",1,BGR,PRT,"[0.5, 1.5, 0.25, 0.0, 1.0, 0.0, 0.25, 0.0]",3.5,BGRPRT
5,7083231,"['BGR', 'SRB', 'HUN', 'AUT', 'ITA', 'FRA', 'ESP', 'PRT']",1,BGR,PRT,"[0.5, 1.5, 0.25, 0.0, 0.25, 0.0, 0.25, 0.0]",2.75,BGRPRT
6,7082758,"['BGR', 'SRB', 'HRV', 'SVN', 'ITA', 'FRA', 'ESP', 'PRT']",1,BGR,PRT,"[0.5, 1.5, 0.5, 0.25, 0.25, 0.0, 0.25, 0.0]",3.25,BGRPRT
7,7070742,"['BGR', 'ROU', 'HUN', 'AUT', 'DEU', 'FRA', 'ESP', 'PRT']",1,BGR,PRT,"[0.5, 0.5, 0.25, 0.0, 0.0, 0.0, 0.25, 0.0]",1.5,BGRPRT
8,7071254,"['BGR', 'ROU', 'HUN', 'AUT', 'CHE', 'FRA', 'ESP', 'PRT']",1,BGR,PRT,"[0.5, 0.5, 0.25, 0.0, 1.0, 0.0, 0.25, 0.0]",2.5,BGRPRT
9,7070885,"['BGR', 'ROU', 'HUN', 'AUT', 'ITA', 'FRA', 'ESP', 'PRT']",1,BGR,PRT,"[0.5, 0.5, 0.25, 0.0, 0.25, 0.0, 0.25, 0.0]",1.75,BGRPRT
0,7095483,"['BGR', 'SRB']",1,BGR,SRB,"[0.5, 1.5]",2.0,BGRSRB
1,7095482,"['BGR', 'ROU', 'SRB']",1,BGR,SRB,"[0.5, 0.5, 1.5]",2.5,BGRSRB
2,7093753,"['BGR', 'MKD', 'SRB']",1,BGR,SRB,"[0.5, 1.5, 1.5]",3.5,BGRSRB
3,7094579,"['BGR', 'ROU', 'HUN', 'SRB']",1,BGR,SRB,"[0.5, 0.5, 0.25, 1.5]",2.75,BGRSRB
4,7092751,"['BGR', 'GRC', 'MKD', 'SRB']",1,BGR,SRB,"[0.5, 0.5, 1.5, 1.5]",4.0,BGRSRB
5,7093519,"['BGR', 'MKD', 'ALB', 'SRB']",1,BGR,SRB,"[0.5, 1.5, 1.5, 1.5]",5.0,BGRSRB
6,7092731,"['BGR', 'GRC', 'ALB', 'SRB']",1,BGR,SRB,"[0.5, 0.5, 1.5, 1.5]",4.0,BGRSRB
7,7092750,"['BGR', 'GRC', 'MKD', 'ALB', 'SRB']",1,BGR,SRB,"[0.5, 0.5, 1.5, 1.5, 1.5]",5.5,BGRSRB
8,7094578,"['BGR', 'ROU', 'HUN', 'HRV', 'SRB']",1,BGR,SRB,"[0.5, 0.5, 0.25, 0.5, 1.5]",3.25,BGRSRB
9,7092729,"['BGR', 'GRC', 'ALB', 'MNE', 'SRB']",1,BGR,SRB,"[0.5, 0.5, 1.5, 1.5, 1.5]",5.5,BGRSRB
0,7124428,"['BGR', 'TUR', 'GEO', 'RUS', 'FIN', 'SWE']",1,BGR,SWE,"[0.5, 1.5, 1.5, 1.75, 0.0, 0.0]",5.25,BGRSWE
1,7111947,"['BGR', 'ROU', 'UKR', 'RUS', 'FIN', 'SWE']",1,BGR,SWE,"[0.5, 0.5, 1.5, 1.75, 0.0, 0.0]",4.25,BGRSWE
2,7123372,"['BGR', 'TUR', 'AZE', 'RUS', 'NOR', 'SWE']",1,BGR,SWE,"[0.5, 1.5, 1.5, 1.75, 1.0, 0.0]",6.25,BGRSWE
3,7123173,"['BGR', 'TUR', 'AZE', 'RUS', 'FIN', 'SWE']",1,BGR,SWE,"[0.5, 1.5, 1.5, 1.75, 0.0, 0.0]",5.25,BGRSWE
4,7124627,"['BGR', 'TUR', 'GEO', 'RUS', 'NOR', 'SWE']",1,BGR,SWE,"[0.5, 1.5, 1.5, 1.75, 1.0, 0.0]",6.25,BGRSWE
5,7112063,"['BGR', 'ROU', 'UKR', 'RUS', 'NOR', 'SWE']",1,BGR,SWE,"[0.5, 0.5, 1.5, 1.75, 1.0, 0.0]",5.25,BGRSWE
6,7110399,"['BGR', 'ROU', 'UKR', 'BLR', 'RUS', 'FIN', 'SWE']",1,BGR,SWE,"[0.5, 0.5, 1.5, 1.75, 1.75, 0.0, 0.0]",6.0,BGRSWE
7,7098607,"['BGR', 'GRC', 'TUR', 'GEO', 'RUS', 'FIN', 'SWE']",1,BGR,SWE,"[0.5, 0.5, 1.5, 1.5, 1.75, 0.0, 0.0]",5.75,BGRSWE
8,7110421,"['BGR', 'ROU', 'UKR', 'BLR', 'RUS', 'NOR', 'SWE']",1,BGR,SWE,"[0.5, 0.5, 1.5, 1.75, 1.75, 1.0, 0.0]",7.0,BGRSWE
9,7098303,"['BGR', 'GRC', 'TUR', 'AZE', 'RUS', 'NOR', 'SWE']",1,BGR,SWE,"[0.5, 0.5, 1.5, 1.5, 1.75, 1.0, 0.0]",6.75,BGRSWE
0,7151711,"['BGR', 'TUR']",1,BGR,TUR,"[0.5, 1.5]",2.0,BGRTUR
1,7128535,"['BGR', 'GRC', 'TUR']",1,BGR,TUR,"[0.5, 0.5, 1.5]",2.5,BGRTUR
2,7130144,"['BGR', 'MKD', 'GRC', 'TUR']",1,BGR,TUR,"[0.5, 1.5, 0.5, 1.5]",4.0,BGRTUR
3,7142337,"['BGR', 'SRB', 'ALB', 'GRC', 'TUR']",1,BGR,TUR,"[0.5, 1.5, 1.5, 0.5, 1.5]",5.5,BGRTUR
4,7149293,"['BGR', 'SRB', 'MKD', 'GRC', 'TUR']",1,BGR,TUR,"[0.5, 1.5, 1.5, 0.5, 1.5]",5.5,BGRTUR
5,7128536,"['BGR', 'MKD', 'ALB', 'GRC', 'TUR']",1,BGR,TUR,"[0.5, 1.5, 1.5, 0.5, 1.5]",5.5,BGRTUR
6,7139291,"['BGR', 'ROU', 'SRB', 'MKD', 'GRC', 'TUR']",1,BGR,TUR,"[0.5, 0.5, 1.5, 1.5, 0.5, 1.5]",6.0,BGRTUR
7,7137317,"['BGR', 'ROU', 'SRB', 'ALB', 'GRC', 'TUR']",1,BGR,TUR,"[0.5, 0.5, 1.5, 1.5, 0.5, 1.5]",6.0,BGRTUR
8,7142524,"['BGR', 'SRB', 'ALB', 'MKD', 'GRC', 'TUR']",1,BGR,TUR,"[0.5, 1.5, 1.5, 1.5, 0.5, 1.5]",7.0,BGRTUR
9,7141211,"['BGR', 'ROU', 'UKR', 'RUS', 'GEO', 'TUR']",1,BGR,TUR,"[0.5, 0.5, 1.5, 1.75, 1.5, 1.5]",7.25,BGRTUR
0,7155869,"['BLR', 'UKR', 'SVK', 'AUT']",1,BLR,AUT,"[1.75, 1.5, 0.25, 0.0]",3.5,BLRAUT
1,7153307,"['BLR', 'POL', 'DEU', 'AUT']",1,BLR,AUT,"[1.75, 0.25, 0.0, 0.0]",2.0,BLRAUT
2,7153306,"['BLR', 'POL', 'CZE', 'AUT']",1,BLR,AUT,"[1.75, 0.25, 0.25, 0.0]",2.25,BLRAUT
3,7153798,"['BLR', 'POL', 'SVK', 'AUT']",1,BLR,AUT,"[1.75, 0.25, 0.25, 0.0]",2.25,BLRAUT
4,7155086,"['BLR', 'UKR', 'HUN', 'AUT']",1,BLR,AUT,"[1.75, 1.5, 0.25, 0.0]",3.5,BLRAUT
5,7153799,"['BLR', 'POL', 'UKR', 'HUN', 'AUT']",1,BLR,AUT,"[1.75, 0.25, 1.5, 0.25, 0.0]",3.75,BLRAUT
6,7152678,"['BLR', 'LTU', 'POL', 'DEU', 'AUT']",1,BLR,AUT,"[1.75, 0.25, 0.25, 0.0, 0.0]",2.25,BLRAUT
7,7152792,"['BLR', 'LTU', 'POL', 'SVK', 'AUT']",1,BLR,AUT,"[1.75, 0.25, 0.25, 0.25, 0.0]",2.5,BLRAUT
8,7154097,"['BLR', 'POL', 'UKR', 'SVK', 'AUT']",1,BLR,AUT,"[1.75, 0.25, 1.5, 0.25, 0.0]",3.75,BLRAUT
9,7154753,"['BLR', 'RUS', 'POL', 'DEU', 'AUT']",1,BLR,AUT,"[1.75, 1.75, 0.25, 0.0, 0.0]",3.75,BLRAUT
0,7157623,"['BLR', 'POL', 'CZE']",1,BLR,CZE,"[1.75, 0.25, 0.25]",2.25,BLRCZE
1,7159986,"['BLR', 'UKR', 'POL', 'CZE']",1,BLR,CZE,"[1.75, 1.5, 0.25, 0.25]",3.75,BLRCZE
2,7158363,"['BLR', 'RUS', 'POL', 'CZE']",1,BLR,CZE,"[1.75, 1.75, 0.25, 0.25]",4.0,BLRCZE
3,7160843,"['BLR', 'UKR', 'SVK', 'CZE']",1,BLR,CZE,"[1.75, 1.5, 0.25, 0.25]",3.75,BLRCZE
4,7157066,"['BLR', 'LTU', 'POL', 'CZE']",1,BLR,CZE,"[1.75, 0.25, 0.25, 0.25]",2.5,BLRCZE
5,7157299,"['BLR', 'LTU', 'RUS', 'POL', 'CZE']",1,BLR,CZE,"[1.75, 0.25, 1.75, 0.25, 0.25]",4.25,BLRCZE
6,7158788,"['BLR', 'RUS', 'UKR', 'POL', 'CZE']",1,BLR,CZE,"[1.75, 1.75, 1.5, 0.25, 0.25]",5.5,BLRCZE
7,7156489,"['BLR', 'LVA', 'RUS', 'POL', 'CZE']",1,BLR,CZE,"[1.75, 0.25, 1.75, 0.25, 0.25]",4.25,BLRCZE
8,7158362,"['BLR', 'RUS', 'LTU', 'POL', 'CZE']",1,BLR,CZE,"[1.75, 1.75, 0.25, 0.25, 0.25]",4.25,BLRCZE
9,7159069,"['BLR', 'RUS', 'UKR', 'SVK', 'CZE']",1,BLR,CZE,"[1.75, 1.75, 1.5, 0.25, 0.25]",5.5,BLRCZE
0,7162886,"['BLR', 'POL', 'DEU']",1,BLR,DEU,"[1.75, 0.25, 0.0]",2.0,BLRDEU
1,7162249,"['BLR', 'LTU', 'POL', 'DEU']",1,BLR,DEU,"[1.75, 0.25, 0.25, 0.0]",2.25,BLRDEU
2,7162885,"['BLR', 'POL', 'CZE', 'DEU']",1,BLR,DEU,"[1.75, 0.25, 0.25, 0.0]",2.25,BLRDEU
3,7165408,"['BLR', 'UKR', 'POL', 'DEU']",1,BLR,DEU,"[1.75, 1.5, 0.25, 0.0]",3.5,BLRDEU
4,7163652,"['BLR', 'RUS', 'POL', 'DEU']",1,BLR,DEU,"[1.75, 1.75, 0.25, 0.0]",3.75,BLRDEU
5,7161543,"['BLR', 'LVA', 'RUS', 'POL', 'DEU']",1,BLR,DEU,"[1.75, 0.25, 1.75, 0.25, 0.0]",4.0,BLRDEU
6,7166574,"['BLR', 'UKR', 'SVK', 'POL', 'DEU']",1,BLR,DEU,"[1.75, 1.5, 0.25, 0.25, 0.0]",3.75,BLRDEU
7,7162484,"['BLR', 'LTU', 'RUS', 'POL', 'DEU']",1,BLR,DEU,"[1.75, 0.25, 1.75, 0.25, 0.0]",4.0,BLRDEU
8,7163651,"['BLR', 'RUS', 'POL', 'CZE', 'DEU']",1,BLR,DEU,"[1.75, 1.75, 0.25, 0.25, 0.0]",4.0,BLRDEU
9,7162884,"['BLR', 'POL', 'CZE', 'AUT', 'DEU']",1,BLR,DEU,"[1.75, 0.25, 0.25, 0.0, 0.0]",2.25,BLRDEU
0,7183106,"['BLR', 'RUS', 'GEO', 'TUR', 'GRC']",1,BLR,GRC,"[1.75, 1.75, 1.5, 1.5, 0.5]",7.0,BLRGRC
1,7192610,"['BLR', 'UKR', 'ROU', 'BGR', 'GRC']",1,BLR,GRC,"[1.75, 1.5, 0.5, 0.5, 0.5]",4.75,BLRGRC
2,7183027,"['BLR', 'RUS', 'AZE', 'TUR', 'GRC']",1,BLR,GRC,"[1.75, 1.75, 1.5, 1.5, 0.5]",7.0,BLRGRC
3,7182196,"['BLR', 'POL', 'UKR', 'ROU', 'BGR', 'GRC']",1,BLR,GRC,"[1.75, 0.25, 1.5, 0.5, 0.5, 0.5]",5.0,BLRGRC
4,7168740,"['BLR', 'LVA', 'RUS', 'AZE', 'TUR', 'GRC']",1,BLR,GRC,"[1.75, 0.25, 1.75, 1.5, 1.5, 0.5]",7.25,BLRGRC
5,7168744,"['BLR', 'LVA', 'RUS', 'GEO', 'TUR', 'GRC']",1,BLR,GRC,"[1.75, 0.25, 1.75, 1.5, 1.5, 0.5]",7.25,BLRGRC
6,7179338,"['BLR', 'POL', 'RUS', 'AZE', 'TUR', 'GRC']",1,BLR,GRC,"[1.75, 0.25, 1.75, 1.5, 1.5, 0.5]",7.25,BLRGRC
7,7174173,"['BLR', 'LTU', 'RUS', 'AZE', 'TUR', 'GRC']",1,BLR,GRC,"[1.75, 0.25, 1.75, 1.5, 1.5, 0.5]",7.25,BLRGRC
8,7179342,"['BLR', 'POL', 'RUS', 'GEO', 'TUR', 'GRC']",1,BLR,GRC,"[1.75, 0.25, 1.75, 1.5, 1.5, 0.5]",7.25,BLRGRC
9,7183026,"['BLR', 'RUS', 'AZE', 'TUR', 'BGR', 'GRC']",1,BLR,GRC,"[1.75, 1.75, 1.5, 1.5, 0.5, 0.5]",7.5,BLRGRC
0,7196405,"['BLR', 'LTU']",1,BLR,LTU,"[1.75, 0.25]",2.0,BLRLTU
1,7196404,"['BLR', 'LVA', 'LTU']",1,BLR,LTU,"[1.75, 0.25, 0.25]",2.25,BLRLTU
2,7196403,"['BLR', 'LVA', 'EST', 'RUS', 'LTU']",1,BLR,LTU,"[1.75, 0.25, 0.25, 1.75, 0.25]",4.25,BLRLTU
0,7222842,"['BLR', 'UKR', 'ROU', 'BGR', 'MKD']",1,BLR,MKD,"[1.75, 1.5, 0.5, 0.5, 1.5]",5.75,BLRMKD
1,7219991,"['BLR', 'UKR', 'HUN', 'SRB', 'MKD']",1,BLR,MKD,"[1.75, 1.5, 0.25, 1.5, 1.5]",6.5,BLRMKD
2,7223903,"['BLR', 'UKR', 'ROU', 'SRB', 'MKD']",1,BLR,MKD,"[1.75, 1.5, 0.5, 1.5, 1.5]",6.75,BLRMKD
3,7217105,"['BLR', 'RUS', 'UKR', 'HUN', 'SRB', 'MKD']",1,BLR,MKD,"[1.75, 1.75, 1.5, 0.25, 1.5, 1.5]",8.25,BLRMKD
4,7212536,"['BLR', 'POL', 'UKR', 'ROU', 'SRB', 'MKD']",1,BLR,MKD,"[1.75, 0.25, 1.5, 0.5, 1.5, 1.5]",7.0,BLRMKD
5,7213122,"['BLR', 'RUS', 'AZE', 'TUR', 'GRC', 'MKD']",1,BLR,MKD,"[1.75, 1.75, 1.5, 1.5, 0.5, 1.5]",8.5,BLRMKD
6,7211882,"['BLR', 'POL', 'UKR', 'HUN', 'SRB', 'MKD']",1,BLR,MKD,"[1.75, 0.25, 1.5, 0.25, 1.5, 1.5]",6.75,BLRMKD
7,7213108,"['BLR', 'RUS', 'AZE', 'TUR', 'BGR', 'MKD']",1,BLR,MKD,"[1.75, 1.75, 1.5, 1.5, 0.5, 1.5]",8.5,BLRMKD
8,7213227,"['BLR', 'RUS', 'GEO', 'TUR', 'GRC', 'MKD']",1,BLR,MKD,"[1.75, 1.75, 1.5, 1.5, 0.5, 1.5]",8.5,BLRMKD
9,7218109,"['BLR', 'RUS', 'UKR', 'ROU', 'BGR', 'MKD']",1,BLR,MKD,"[1.75, 1.75, 1.5, 0.5, 0.5, 1.5]",7.5,BLRMKD
0,7227028,"['BLR', 'POL']",1,BLR,POL,"[1.75, 0.25]",2.0,BLRPOL
1,7227027,"['BLR', 'LTU', 'POL']",1,BLR,POL,"[1.75, 0.25, 0.25]",2.25,BLRPOL
2,7226710,"['BLR', 'LVA', 'LTU', 'POL']",1,BLR,POL,"[1.75, 0.25, 0.25, 0.25]",2.5,BLRPOL
3,7226942,"['BLR', 'LVA', 'RUS', 'POL']",1,BLR,POL,"[1.75, 0.25, 1.75, 0.25]",4.0,BLRPOL
4,7226709,"['BLR', 'LVA', 'EST', 'RUS', 'POL']",1,BLR,POL,"[1.75, 0.25, 0.25, 1.75, 0.25]",4.25,BLRPOL
5,7226941,"['BLR', 'LVA', 'RUS', 'LTU', 'POL']",1,BLR,POL,"[1.75, 0.25, 1.75, 0.25, 0.25]",4.25,BLRPOL
6,7227026,"['BLR', 'LTU', 'LVA', 'RUS', 'POL']",1,BLR,POL,"[1.75, 0.25, 0.25, 1.75, 0.25]",4.25,BLRPOL
7,7226708,"['BLR', 'LVA', 'EST', 'RUS', 'LTU', 'POL']",1,BLR,POL,"[1.75, 0.25, 0.25, 1.75, 0.25, 0.25]",4.5,BLRPOL
8,7226961,"['BLR', 'LTU', 'LVA', 'EST', 'RUS', 'POL']",1,BLR,POL,"[1.75, 0.25, 0.25, 0.25, 1.75, 0.25]",4.5,BLRPOL
9,7226766,"['BLR', 'LVA', 'RUS', 'AZE', 'TUR', 'BGR', 'ROU', 'UKR', 'POL']",1,BLR,POL,"[1.75, 0.25, 1.75, 1.5, 1.5, 0.5, 0.5, 1.5, 0.25]",9.5,BLRPOL
0,7231891,"['BLR', 'RUS']",1,BLR,RUS,"[1.75, 1.75]",3.5,BLRRUS
1,7228685,"['BLR', 'LTU', 'RUS']",1,BLR,RUS,"[1.75, 0.25, 1.75]",3.75,BLRRUS
2,7231890,"['BLR', 'POL', 'RUS']",1,BLR,RUS,"[1.75, 0.25, 1.75]",3.75,BLRRUS
3,7227468,"['BLR', 'LVA', 'RUS']",1,BLR,RUS,"[1.75, 0.25, 1.75]",3.75,BLRRUS
4,7227029,"['BLR', 'LVA', 'EST', 'RUS']",1,BLR,RUS,"[1.75, 0.25, 0.25, 1.75]",4.0,BLRRUS
5,7228684,"['BLR', 'LTU', 'POL', 'RUS']",1,BLR,RUS,"[1.75, 0.25, 0.25, 1.75]",4.0,BLRRUS
6,7231889,"['BLR', 'POL', 'LTU', 'RUS']",1,BLR,RUS,"[1.75, 0.25, 0.25, 1.75]",4.0,BLRRUS
7,7227470,"['BLR', 'LTU', 'LVA', 'RUS']",1,BLR,RUS,"[1.75, 0.25, 0.25, 1.75]",4.0,BLRRUS
8,7227467,"['BLR', 'LVA', 'LTU', 'RUS']",1,BLR,RUS,"[1.75, 0.25, 0.25, 1.75]",4.0,BLRRUS
9,7227469,"['BLR', 'LTU', 'LVA', 'EST', 'RUS']",1,BLR,RUS,"[1.75, 0.25, 0.25, 0.25, 1.75]",4.25,BLRRUS
0,7250092,"['BLR', 'RUS', 'AZE', 'TUR']",1,BLR,TUR,"[1.75, 1.75, 1.5, 1.5]",6.5,BLRTUR
1,7250169,"['BLR', 'RUS', 'GEO', 'TUR']",1,BLR,TUR,"[1.75, 1.75, 1.5, 1.5]",6.5,BLRTUR
2,7250168,"['BLR', 'RUS', 'GEO', 'AZE', 'TUR']",1,BLR,TUR,"[1.75, 1.75, 1.5, 1.5, 1.5]",8.0,BLRTUR
3,7240000,"['BLR', 'LTU', 'RUS', 'GEO', 'TUR']",1,BLR,TUR,"[1.75, 0.25, 1.75, 1.5, 1.5]",6.75,BLRTUR
4,7234142,"['BLR', 'LVA', 'RUS', 'GEO', 'TUR']",1,BLR,TUR,"[1.75, 0.25, 1.75, 1.5, 1.5]",6.75,BLRTUR
5,7250091,"['BLR', 'RUS', 'AZE', 'GEO', 'TUR']",1,BLR,TUR,"[1.75, 1.75, 1.5, 1.5, 1.5]",8.0,BLRTUR
6,7245593,"['BLR', 'POL', 'RUS', 'GEO', 'TUR']",1,BLR,TUR,"[1.75, 0.25, 1.75, 1.5, 1.5]",6.75,BLRTUR
7,7245591,"['BLR', 'POL', 'RUS', 'AZE', 'TUR']",1,BLR,TUR,"[1.75, 0.25, 1.75, 1.5, 1.5]",6.75,BLRTUR
8,7239998,"['BLR', 'LTU', 'RUS', 'AZE', 'TUR']",1,BLR,TUR,"[1.75, 0.25, 1.75, 1.5, 1.5]",6.75,BLRTUR
9,7234140,"['BLR', 'LVA', 'RUS', 'AZE', 'TUR']",1,BLR,TUR,"[1.75, 0.25, 1.75, 1.5, 1.5]",6.75,BLRTUR
0,7280045,"['GEO', 'TUR']",1,GEO,TUR,"[1.5, 1.5]",3.0,GEOTUR
1,7268687,"['GEO', 'AZE', 'TUR']",1,GEO,TUR,"[1.5, 1.5, 1.5]",4.5,GEOTUR
2,7268688,"['GEO', 'RUS', 'AZE', 'TUR']",1,GEO,TUR,"[1.5, 1.75, 1.5, 1.5]",6.25,GEOTUR
3,7278883,"['GEO', 'RUS', 'UKR', 'ROU', 'BGR', 'TUR']",1,GEO,TUR,"[1.5, 1.75, 1.5, 0.5, 0.5, 1.5]",7.25,GEOTUR
4,7278811,"['GEO', 'RUS', 'UKR', 'ROU', 'BGR', 'GRC', 'TUR']",1,GEO,TUR,"[1.5, 1.75, 1.5, 0.5, 0.5, 0.5, 1.5]",7.75,GEOTUR
5,7270524,"['GEO', 'RUS', 'BLR', 'UKR', 'ROU', 'BGR', 'TUR']",1,GEO,TUR,"[1.5, 1.75, 1.75, 1.5, 0.5, 0.5, 1.5]",9.0,GEOTUR
6,7276655,"['GEO', 'RUS', 'POL', 'UKR', 'ROU', 'BGR', 'TUR']",1,GEO,TUR,"[1.5, 1.75, 0.25, 1.5, 0.5, 0.5, 1.5]",7.5,GEOTUR
7,7277612,"['GEO', 'RUS', 'UKR', 'HUN', 'ROU', 'BGR', 'TUR']",1,GEO,TUR,"[1.5, 1.75, 1.5, 0.25, 0.5, 0.5, 1.5]",7.5,GEOTUR
8,7268279,"['GEO', 'AZE', 'RUS', 'UKR', 'ROU', 'BGR', 'TUR']",1,GEO,TUR,"[1.5, 1.5, 1.75, 1.5, 0.5, 0.5, 1.5]",8.75,GEOTUR
9,7278069,"['GEO', 'RUS', 'UKR', 'MDA', 'ROU', 'BGR', 'TUR']",1,GEO,TUR,"[1.5, 1.75, 1.5, 1.5, 0.5, 0.5, 1.5]",8.75,GEOTUR
0,7283479,"['HUN', 'AUT', 'CHE']",1,HUN,CHE,"[0.25, 0.0, 1.0]",1.25,HUNCHE
1,7281783,"['HUN', 'AUT', 'DEU', 'CHE']",1,HUN,CHE,"[0.25, 0.0, 0.0, 1.0]",1.25,HUNCHE
2,7297013,"['HUN', 'SVN', 'AUT', 'CHE']",1,HUN,CHE,"[0.25, 0.25, 0.0, 1.0]",1.5,HUNCHE
3,7298404,"['HUN', 'SVN', 'ITA', 'CHE']",1,HUN,CHE,"[0.25, 0.25, 0.25, 1.0]",1.75,HUNCHE
4,7292868,"['HUN', 'SVK', 'AUT', 'CHE']",1,HUN,CHE,"[0.25, 0.25, 0.0, 1.0]",1.5,HUNCHE
5,7282074,"['HUN', 'AUT', 'ITA', 'CHE']",1,HUN,CHE,"[0.25, 0.0, 0.25, 1.0]",1.5,HUNCHE
6,7282075,"['HUN', 'AUT', 'LIE', 'CHE']",1,HUN,CHE,"[0.25, 0.0, 1.0]",1.25,HUNCHE
7,7285695,"['HUN', 'HRV', 'SVN', 'AUT', 'CHE']",1,HUN,CHE,"[0.25, 0.5, 0.25, 0.0, 1.0]",2.0,HUNCHE
8,7280269,"['HUN', 'AUT', 'CZE', 'DEU', 'CHE']",1,HUN,CHE,"[0.25, 0.0, 0.25, 0.0, 1.0]",1.5,HUNCHE
9,7285973,"['HUN', 'HRV', 'SVN', 'ITA', 'CHE']",1,HUN,CHE,"[0.25, 0.5, 0.25, 0.25, 1.0]",2.25,HUNCHE
0,7302215,"['HUN', 'AUT', 'DEU']",1,HUN,DEU,"[0.25, 0.0, 0.0]",0.25,HUNDEU
1,7302214,"['HUN', 'AUT', 'CZE', 'DEU']",1,HUN,DEU,"[0.25, 0.0, 0.25, 0.0]",0.5,HUNDEU
2,7306407,"['HUN', 'SVK', 'POL', 'DEU']",1,HUN,DEU,"[0.25, 0.25, 0.25, 0.0]",0.75,HUNDEU
3,7306249,"['HUN', 'SVK', 'AUT', 'DEU']",1,HUN,DEU,"[0.25, 0.25, 0.0, 0.0]",0.5,HUNDEU
4,7307834,"['HUN', 'UKR', 'POL', 'DEU']",1,HUN,DEU,"[0.25, 1.5, 0.25, 0.0]",2.0,HUNDEU
5,7306251,"['HUN', 'SVK', 'CZE', 'DEU']",1,HUN,DEU,"[0.25, 0.25, 0.25, 0.0]",0.75,HUNDEU
6,7306888,"['HUN', 'SVN', 'AUT', 'DEU']",1,HUN,DEU,"[0.25, 0.25, 0.0, 0.0]",0.5,HUNDEU
7,7308430,"['HUN', 'UKR', 'SVK', 'POL', 'DEU']",1,HUN,DEU,"[0.25, 1.5, 0.25, 0.25, 0.0]",2.25,HUNDEU
8,7306250,"['HUN', 'SVK', 'CZE', 'AUT', 'DEU']",1,HUN,DEU,"[0.25, 0.25, 0.25, 0.0, 0.0]",0.75,HUNDEU
9,7306406,"['HUN', 'SVK', 'POL', 'CZE', 'DEU']",1,HUN,DEU,"[0.25, 0.25, 0.25, 0.25, 0.0]",1.0,HUNDEU
0,7338211,"['HUN', 'AUT', 'DEU', 'NLD']",1,HUN,NLD,"[0.25, 0.0, 0.0, 0.0]",0.25,HUNNLD
1,7351294,"['HUN', 'SVK', 'POL', 'DEU', 'NLD']",1,HUN,NLD,"[0.25, 0.25, 0.25, 0.0, 0.0]",0.75,HUNNLD
2,7340119,"['HUN', 'AUT', 'CHE', 'DEU', 'NLD']",1,HUN,NLD,"[0.25, 0.0, 1.0, 0.0, 0.0]",1.25,HUNNLD
3,7357374,"['HUN', 'UKR', 'POL', 'DEU', 'NLD']",1,HUN,NLD,"[0.25, 1.5, 0.25, 0.0, 0.0]",2.0,HUNNLD
4,7337870,"['HUN', 'AUT', 'DEU', 'BEL', 'NLD']",1,HUN,NLD,"[0.25, 0.0, 0.0, 0.0, 0.0]",0.25,HUNNLD
5,7337080,"['HUN', 'AUT', 'CZE', 'DEU', 'NLD']",1,HUN,NLD,"[0.25, 0.0, 0.25, 0.0, 0.0]",0.5,HUNNLD
6,7350348,"['HUN', 'SVK', 'CZE', 'DEU', 'NLD']",1,HUN,NLD,"[0.25, 0.25, 0.25, 0.0, 0.0]",0.75,HUNNLD
7,7349549,"['HUN', 'SVK', 'AUT', 'DEU', 'NLD']",1,HUN,NLD,"[0.25, 0.25, 0.0, 0.0, 0.0]",0.5,HUNNLD
8,7353396,"['HUN', 'SVN', 'AUT', 'DEU', 'NLD']",1,HUN,NLD,"[0.25, 0.25, 0.0, 0.0, 0.0]",0.5,HUNNLD
9,7338258,"['HUN', 'AUT', 'ITA', 'FRA', 'DEU', 'NLD']",1,HUN,NLD,"[0.25, 0.0, 0.25, 0.0, 0.0, 0.0]",0.5,HUNNLD
0,7367315,"['KAZ', 'RUS', 'UKR', 'MDA']",1,KAZ,MDA,"[1.75, 1.75, 1.5, 1.5]",6.5,KAZMDA
1,7361710,"['KAZ', 'RUS', 'BLR', 'UKR', 'MDA']",1,KAZ,MDA,"[1.75, 1.75, 1.75, 1.5, 1.5]",8.25,KAZMDA
2,7366278,"['KAZ', 'RUS', 'POL', 'UKR', 'MDA']",1,KAZ,MDA,"[1.75, 1.75, 0.25, 1.5, 1.5]",6.75,KAZMDA
3,7366038,"['KAZ', 'RUS', 'POL', 'SVK', 'UKR', 'MDA']",1,KAZ,MDA,"[1.75, 1.75, 0.25, 0.25, 1.5, 1.5]",7.0,KAZMDA
4,7363299,"['KAZ', 'RUS', 'LTU', 'BLR', 'UKR', 'MDA']",1,KAZ,MDA,"[1.75, 1.75, 0.25, 1.75, 1.5, 1.5]",8.5,KAZMDA
5,7366912,"['KAZ', 'RUS', 'UKR', 'HUN', 'ROU', 'MDA']",1,KAZ,MDA,"[1.75, 1.75, 1.5, 0.25, 0.5, 1.5]",7.25,KAZMDA
6,7362629,"['KAZ', 'RUS', 'LVA', 'BLR', 'UKR', 'MDA']",1,KAZ,MDA,"[1.75, 1.75, 0.25, 1.75, 1.5, 1.5]",8.5,KAZMDA
7,7361437,"['KAZ', 'RUS', 'BLR', 'POL', 'UKR', 'MDA']",1,KAZ,MDA,"[1.75, 1.75, 1.75, 0.25, 1.5, 1.5]",8.5,KAZMDA
8,7364148,"['KAZ', 'RUS', 'LTU', 'POL', 'UKR', 'MDA']",1,KAZ,MDA,"[1.75, 1.75, 0.25, 0.25, 1.5, 1.5]",7.0,KAZMDA
9,7364231,"['KAZ', 'RUS', 'POL', 'BLR', 'UKR', 'MDA']",1,KAZ,MDA,"[1.75, 1.75, 0.25, 1.75, 1.5, 1.5]",8.5,KAZMDA
0,7367316,"['KAZ', 'RUS']",1,KAZ,RUS,"[1.75, 1.75]",3.5,KAZRUS
0,7367318,"['KAZ', 'RUS', 'AZE', 'TUR']",1,KAZ,TUR,"[1.75, 1.75, 1.5, 1.5]",6.5,KAZTUR
1,7369840,"['KAZ', 'RUS', 'GEO', 'TUR']",1,KAZ,TUR,"[1.75, 1.75, 1.5, 1.5]",6.5,KAZTUR
2,7367317,"['KAZ', 'RUS', 'AZE', 'GEO', 'TUR']",1,KAZ,TUR,"[1.75, 1.75, 1.5, 1.5, 1.5]",8.0,KAZTUR
3,7369839,"['KAZ', 'RUS', 'GEO', 'AZE', 'TUR']",1,KAZ,TUR,"[1.75, 1.75, 1.5, 1.5, 1.5]",8.0,KAZTUR
4,7377515,"['KAZ', 'RUS', 'UKR', 'ROU', 'BGR', 'TUR']",1,KAZ,TUR,"[1.75, 1.75, 1.5, 0.5, 0.5, 1.5]",7.5,KAZTUR
5,7376306,"['KAZ', 'RUS', 'UKR', 'HUN', 'SRB', 'BGR', 'TUR']",1,KAZ,TUR,"[1.75, 1.75, 1.5, 0.25, 1.5, 0.5, 1.5]",8.75,KAZTUR
6,7369154,"['KAZ', 'RUS', 'BLR', 'UKR', 'ROU', 'BGR', 'TUR']",1,KAZ,TUR,"[1.75, 1.75, 1.75, 1.5, 0.5, 0.5, 1.5]",9.25,KAZTUR
7,7375287,"['KAZ', 'RUS', 'POL', 'UKR', 'ROU', 'BGR', 'TUR']",1,KAZ,TUR,"[1.75, 1.75, 0.25, 1.5, 0.5, 0.5, 1.5]",7.75,KAZTUR
8,7376244,"['KAZ', 'RUS', 'UKR', 'HUN', 'ROU', 'BGR', 'TUR']",1,KAZ,TUR,"[1.75, 1.75, 1.5, 0.25, 0.5, 0.5, 1.5]",7.75,KAZTUR
9,7377443,"['KAZ', 'RUS', 'UKR', 'ROU', 'BGR', 'GRC', 'TUR']",1,KAZ,TUR,"[1.75, 1.75, 1.5, 0.5, 0.5, 0.5, 1.5]",8.0,KAZTUR
0,7381831,"['MDA', 'ROU', 'SRB', 'ALB']",1,MDA,ALB,"[1.5, 0.5, 1.5, 1.5]",5.0,MDAALB
1,7378677,"['MDA', 'ROU', 'BGR', 'GRC', 'ALB']",1,MDA,ALB,"[1.5, 0.5, 0.5, 0.5, 1.5]",4.5,MDAALB
2,7378678,"['MDA', 'ROU', 'BGR', 'MKD', 'ALB']",1,MDA,ALB,"[1.5, 0.5, 0.5, 1.5, 1.5]",5.5,MDAALB
3,7378679,"['MDA', 'ROU', 'BGR', 'SRB', 'ALB']",1,MDA,ALB,"[1.5, 0.5, 0.5, 1.5, 1.5]",5.5,MDAALB
4,7379806,"['MDA', 'ROU', 'HUN', 'SRB', 'ALB']",1,MDA,ALB,"[1.5, 0.5, 0.25, 1.5, 1.5]",5.25,MDAALB
5,7389976,"['MDA', 'UKR', 'ROU', 'SRB', 'ALB']",1,MDA,ALB,"[1.5, 1.5, 0.5, 1.5, 1.5]",6.5,MDAALB
6,7386858,"['MDA', 'UKR', 'HUN', 'SRB', 'ALB']",1,MDA,ALB,"[1.5, 1.5, 0.25, 1.5, 1.5]",6.25,MDAALB
7,7379668,"['MDA', 'ROU', 'HUN', 'HRV', 'SRB', 'ALB']",1,MDA,ALB,"[1.5, 0.5, 0.25, 0.5, 1.5, 1.5]",5.75,MDAALB
8,7379667,"['MDA', 'ROU', 'HUN', 'HRV', 'MNE', 'ALB']",1,MDA,ALB,"[1.5, 0.5, 0.25, 0.5, 1.5, 1.5]",5.75,MDAALB
9,7382608,"['MDA', 'ROU', 'UKR', 'HUN', 'SRB', 'ALB']",1,MDA,ALB,"[1.5, 0.5, 1.5, 0.25, 1.5, 1.5]",6.75,MDAALB
0,7396235,"['MDA', 'ROU', 'SRB', 'BIH']",1,MDA,BIH,"[1.5, 0.5, 1.5, 1.5]",5.0,MDABIH
1,7401053,"['MDA', 'UKR', 'HUN', 'HRV', 'BIH']",1,MDA,BIH,"[1.5, 1.5, 0.25, 0.5, 1.5]",5.25,MDABIH
2,7394159,"['MDA', 'ROU', 'HUN', 'HRV', 'BIH']",1,MDA,BIH,"[1.5, 0.5, 0.25, 0.5, 1.5]",4.25,MDABIH
3,7394177,"['MDA', 'ROU', 'HUN', 'SRB', 'BIH']",1,MDA,BIH,"[1.5, 0.5, 0.25, 1.5, 1.5]",5.25,MDABIH
4,7401137,"['MDA', 'UKR', 'HUN', 'SRB', 'BIH']",1,MDA,BIH,"[1.5, 1.5, 0.25, 1.5, 1.5]",6.25,MDABIH
5,7404227,"['MDA', 'UKR', 'ROU', 'SRB', 'BIH']",1,MDA,BIH,"[1.5, 1.5, 0.5, 1.5, 1.5]",6.5,MDABIH
6,7393175,"['MDA', 'ROU', 'BGR', 'SRB', 'BIH']",1,MDA,BIH,"[1.5, 0.5, 0.5, 1.5, 1.5]",5.5,MDABIH
7,7395293,"['MDA', 'ROU', 'HUN', 'SVN', 'HRV', 'BIH']",1,MDA,BIH,"[1.5, 0.5, 0.25, 0.25, 0.5, 1.5]",4.5,MDABIH
8,7393167,"['MDA', 'ROU', 'BGR', 'MKD', 'SRB', 'BIH']",1,MDA,BIH,"[1.5, 0.5, 0.5, 1.5, 1.5, 1.5]",7.0,MDABIH
9,7396979,"['MDA', 'ROU', 'UKR', 'HUN', 'SRB', 'BIH']",1,MDA,BIH,"[1.5, 0.5, 1.5, 0.25, 1.5, 1.5]",6.75,MDABIH
0,7411060,"['MDA', 'UKR', 'POL', 'DEU']",1,MDA,DEU,"[1.5, 1.5, 0.25, 0.0]",3.25,MDADEU
1,7412005,"['MDA', 'UKR', 'SVK', 'CZE', 'DEU']",1,MDA,DEU,"[1.5, 1.5, 0.25, 0.25, 0.0]",3.5,MDADEU
2,7409987,"['MDA', 'ROU', 'UKR', 'POL', 'DEU']",1,MDA,DEU,"[1.5, 0.5, 1.5, 0.25, 0.0]",3.75,MDADEU
3,7408174,"['MDA', 'ROU', 'HUN', 'AUT', 'DEU']",1,MDA,DEU,"[1.5, 0.5, 0.25, 0.0, 0.0]",2.25,MDADEU
4,7412333,"['MDA', 'UKR', 'SVK', 'POL', 'DEU']",1,MDA,DEU,"[1.5, 1.5, 0.25, 0.25, 0.0]",3.5,MDADEU
5,7411059,"['MDA', 'UKR', 'POL', 'CZE', 'DEU']",1,MDA,DEU,"[1.5, 1.5, 0.25, 0.25, 0.0]",3.5,MDADEU
6,7410387,"['MDA', 'UKR', 'HUN', 'AUT', 'DEU']",1,MDA,DEU,"[1.5, 1.5, 0.25, 0.0, 0.0]",3.25,MDADEU
7,7412003,"['MDA', 'UKR', 'SVK', 'AUT', 'DEU']",1,MDA,DEU,"[1.5, 1.5, 0.25, 0.0, 0.0]",3.25,MDADEU
8,7412001,"['MDA', 'UKR', 'RUS', 'POL', 'DEU']",1,MDA,DEU,"[1.5, 1.5, 1.75, 0.25, 0.0]",5.0,MDADEU
9,7410314,"['MDA', 'UKR', 'BLR', 'POL', 'DEU']",1,MDA,DEU,"[1.5, 1.5, 1.75, 0.25, 0.0]",5.0,MDADEU
0,7426595,"['MDA', 'UKR', 'POL', 'DEU', 'FRA', 'ESP']",1,MDA,ESP,"[1.5, 1.5, 0.25, 0.0, 0.0, 0.25]",3.5,MDAESP
1,7424073,"['MDA', 'UKR', 'HUN', 'AUT', 'CHE', 'FRA', 'ESP']",1,MDA,ESP,"[1.5, 1.5, 0.25, 0.0, 1.0, 0.0, 0.25]",4.5,MDAESP
2,7425697,"['MDA', 'UKR', 'HUN', 'SVN', 'ITA', 'FRA', 'ESP']",1,MDA,ESP,"[1.5, 1.5, 0.25, 0.25, 0.25, 0.0, 0.25]",4.0,MDAESP
3,7416054,"['MDA', 'ROU', 'HUN', 'SVN', 'ITA', 'FRA', 'ESP']",1,MDA,ESP,"[1.5, 0.5, 0.25, 0.25, 0.25, 0.0, 0.25]",3.0,MDAESP
4,7413830,"['MDA', 'ROU', 'HUN', 'AUT', 'DEU', 'FRA', 'ESP']",1,MDA,ESP,"[1.5, 0.5, 0.25, 0.0, 0.0, 0.0, 0.25]",2.5,MDAESP
5,7414314,"['MDA', 'ROU', 'HUN', 'AUT', 'CHE', 'FRA', 'ESP']",1,MDA,ESP,"[1.5, 0.5, 0.25, 0.0, 1.0, 0.0, 0.25]",3.5,MDAESP
6,7413958,"['MDA', 'ROU', 'HUN', 'AUT', 'ITA', 'FRA', 'ESP']",1,MDA,ESP,"[1.5, 0.5, 0.25, 0.0, 0.25, 0.0, 0.25]",2.75,MDAESP
7,7422918,"['MDA', 'UKR', 'BLR', 'POL', 'DEU', 'FRA', 'ESP']",1,MDA,ESP,"[1.5, 1.5, 1.75, 0.25, 0.0, 0.0, 0.25]",5.25,MDAESP
8,7420560,"['MDA', 'ROU', 'UKR', 'POL', 'DEU', 'FRA', 'ESP']",1,MDA,ESP,"[1.5, 0.5, 1.5, 0.25, 0.0, 0.0, 0.25]",4.0,MDAESP
9,7423699,"['MDA', 'UKR', 'HUN', 'AUT', 'DEU', 'FRA', 'ESP']",1,MDA,ESP,"[1.5, 1.5, 0.25, 0.0, 0.0, 0.0, 0.25]",3.5,MDAESP
0,7434906,"['MDA', 'ROU', 'HUN', 'SVN', 'ITA']",1,MDA,ITA,"[1.5, 0.5, 0.25, 0.25, 0.25]",2.75,MDAITA
1,7440848,"['MDA', 'UKR', 'HUN', 'SVN', 'ITA']",1,MDA,ITA,"[1.5, 1.5, 0.25, 0.25, 0.25]",3.75,MDAITA
2,7439903,"['MDA', 'UKR', 'HUN', 'AUT', 'ITA']",1,MDA,ITA,"[1.5, 1.5, 0.25, 0.0, 0.25]",3.5,MDAITA
3,7443849,"['MDA', 'UKR', 'SVK', 'AUT', 'ITA']",1,MDA,ITA,"[1.5, 1.5, 0.25, 0.0, 0.25]",3.5,MDAITA
4,7433895,"['MDA', 'ROU', 'HUN', 'AUT', 'ITA']",1,MDA,ITA,"[1.5, 0.5, 0.25, 0.0, 0.25]",2.5,MDAITA
5,7434272,"['MDA', 'ROU', 'HUN', 'SVK', 'AUT', 'ITA']",1,MDA,ITA,"[1.5, 0.5, 0.25, 0.25, 0.0, 0.25]",2.75,MDAITA
6,7436161,"['MDA', 'ROU', 'SRB', 'HUN', 'AUT', 'ITA']",1,MDA,ITA,"[1.5, 0.5, 1.5, 0.25, 0.0, 0.25]",4.0,MDAITA
7,7437668,"['MDA', 'ROU', 'UKR', 'HUN', 'SVN', 'ITA']",1,MDA,ITA,"[1.5, 0.5, 1.5, 0.25, 0.25, 0.25]",4.25,MDAITA
8,7434061,"['MDA', 'ROU', 'HUN', 'HRV', 'SVN', 'ITA']",1,MDA,ITA,"[1.5, 0.5, 0.25, 0.5, 0.25, 0.25]",3.25,MDAITA
9,7437333,"['MDA', 'ROU', 'UKR', 'HUN', 'AUT', 'ITA']",1,MDA,ITA,"[1.5, 0.5, 1.5, 0.25, 0.0, 0.25]",4.0,MDAITA
0,7444700,"['MDA', 'ROU']",1,MDA,ROU,"[1.5, 0.5]",2.0,MDAROU
0,7455641,"['MDA', 'UKR', 'RUS']",1,MDA,RUS,"[1.5, 1.5, 1.75]",4.75,MDARUS
1,7450601,"['MDA', 'ROU', 'UKR', 'RUS']",1,MDA,RUS,"[1.5, 0.5, 1.5, 1.75]",5.25,MDARUS
2,7451176,"['MDA', 'UKR', 'BLR', 'RUS']",1,MDA,RUS,"[1.5, 1.5, 1.75, 1.75]",6.5,MDARUS
3,7454205,"['MDA', 'UKR', 'POL', 'RUS']",1,MDA,RUS,"[1.5, 1.5, 0.25, 1.75]",5.0,MDARUS
4,7450600,"['MDA', 'ROU', 'UKR', 'POL', 'RUS']",1,MDA,RUS,"[1.5, 0.5, 1.5, 0.25, 1.75]",5.5,MDARUS
5,7447715,"['MDA', 'ROU', 'HUN', 'UKR', 'RUS']",1,MDA,RUS,"[1.5, 0.5, 0.25, 1.5, 1.75]",5.5,MDARUS
6,7450788,"['MDA', 'UKR', 'BLR', 'LTU', 'RUS']",1,MDA,RUS,"[1.5, 1.5, 1.75, 0.25, 1.75]",6.75,MDARUS
7,7450647,"['MDA', 'UKR', 'BLR', 'LVA', 'RUS']",1,MDA,RUS,"[1.5, 1.5, 1.75, 0.25, 1.75]",6.75,MDARUS
8,7453184,"['MDA', 'UKR', 'POL', 'BLR', 'RUS']",1,MDA,RUS,"[1.5, 1.5, 0.25, 1.75, 1.75]",6.75,MDARUS
9,7454204,"['MDA', 'UKR', 'POL', 'LTU', 'RUS']",1,MDA,RUS,"[1.5, 1.5, 0.25, 0.25, 1.75]",5.25,MDARUS
0,7456593,"['MDA', 'ROU', 'SRB']",1,MDA,SRB,"[1.5, 0.5, 1.5]",3.5,MDASRB
1,7456592,"['MDA', 'ROU', 'HUN', 'SRB']",1,MDA,SRB,"[1.5, 0.5, 0.25, 1.5]",3.75,MDASRB
2,7460277,"['MDA', 'UKR', 'ROU', 'SRB']",1,MDA,SRB,"[1.5, 1.5, 0.5, 1.5]",5.0,MDASRB
3,7458597,"['MDA', 'UKR', 'HUN', 'SRB']",1,MDA,SRB,"[1.5, 1.5, 0.25, 1.5]",4.75,MDASRB
4,7455771,"['MDA', 'ROU', 'BGR', 'SRB']",1,MDA,SRB,"[1.5, 0.5, 0.5, 1.5]",4.0,MDASRB
5,7460007,"['MDA', 'UKR', 'ROU', 'BGR', 'SRB']",1,MDA,SRB,"[1.5, 1.5, 0.5, 0.5, 1.5]",5.5,MDASRB
6,7458596,"['MDA', 'UKR', 'HUN', 'ROU', 'SRB']",1,MDA,SRB,"[1.5, 1.5, 0.25, 0.5, 1.5]",5.25,MDASRB
7,7455770,"['MDA', 'ROU', 'BGR', 'MKD', 'SRB']",1,MDA,SRB,"[1.5, 0.5, 0.5, 1.5, 1.5]",5.5,MDASRB
8,7458572,"['MDA', 'UKR', 'HUN', 'HRV', 'SRB']",1,MDA,SRB,"[1.5, 1.5, 0.25, 0.5, 1.5]",5.25,MDASRB
9,7456591,"['MDA', 'ROU', 'HUN', 'HRV', 'SRB']",1,MDA,SRB,"[1.5, 0.5, 0.25, 0.5, 1.5]",4.25,MDASRB
0,7464142,"['MDA', 'ROU', 'BGR', 'TUR']",1,MDA,TUR,"[1.5, 0.5, 0.5, 1.5]",4.0,MDATUR
1,7463349,"['MDA', 'ROU', 'BGR', 'GRC', 'TUR']",1,MDA,TUR,"[1.5, 0.5, 0.5, 0.5, 1.5]",4.5,MDATUR
2,7479221,"['MDA', 'UKR', 'RUS', 'AZE', 'TUR']",1,MDA,TUR,"[1.5, 1.5, 1.75, 1.5, 1.5]",7.75,MDATUR
3,7478017,"['MDA', 'UKR', 'ROU', 'BGR', 'TUR']",1,MDA,TUR,"[1.5, 1.5, 0.5, 0.5, 1.5]",5.5,MDATUR
4,7479524,"['MDA', 'UKR', 'RUS', 'GEO', 'TUR']",1,MDA,TUR,"[1.5, 1.5, 1.75, 1.5, 1.5]",7.75,MDATUR
5,7467627,"['MDA', 'ROU', 'SRB', 'BGR', 'TUR']",1,MDA,TUR,"[1.5, 0.5, 1.5, 0.5, 1.5]",5.5,MDATUR
6,7463436,"['MDA', 'ROU', 'BGR', 'MKD', 'GRC', 'TUR']",1,MDA,TUR,"[1.5, 0.5, 0.5, 1.5, 0.5, 1.5]",6.0,MDATUR
7,7467618,"['MDA', 'ROU', 'SRB', 'BGR', 'GRC', 'TUR']",1,MDA,TUR,"[1.5, 0.5, 1.5, 0.5, 0.5, 1.5]",6.0,MDATUR
8,7471289,"['MDA', 'ROU', 'UKR', 'RUS', 'AZE', 'TUR']",1,MDA,TUR,"[1.5, 0.5, 1.5, 1.75, 1.5, 1.5]",8.25,MDATUR
9,7465247,"['MDA', 'ROU', 'HUN', 'SRB', 'BGR', 'TUR']",1,MDA,TUR,"[1.5, 0.5, 0.25, 1.5, 0.5, 1.5]",5.75,MDATUR
0,7487670,"['MDA', 'UKR']",1,MDA,UKR,"[1.5, 1.5]",3.0,MDAUKR
1,7487669,"['MDA', 'ROU', 'UKR']",1,MDA,UKR,"[1.5, 0.5, 1.5]",3.5,MDAUKR
2,7486041,"['MDA', 'ROU', 'HUN', 'UKR']",1,MDA,UKR,"[1.5, 0.5, 0.25, 1.5]",3.75,MDAUKR
3,7485565,"['MDA', 'ROU', 'HUN', 'SVK', 'UKR']",1,MDA,UKR,"[1.5, 0.5, 0.25, 0.25, 1.5]",4.0,MDAUKR
4,7487442,"['MDA', 'ROU', 'SRB', 'HUN', 'UKR']",1,MDA,UKR,"[1.5, 0.5, 1.5, 0.25, 1.5]",5.25,MDAUKR
5,7486569,"['MDA', 'ROU', 'SRB', 'HRV', 'HUN', 'UKR']",1,MDA,UKR,"[1.5, 0.5, 1.5, 0.5, 0.25, 1.5]",5.75,MDAUKR
6,7484349,"['MDA', 'ROU', 'HUN', 'AUT', 'SVK', 'UKR']",1,MDA,UKR,"[1.5, 0.5, 0.25, 0.0, 0.25, 1.5]",4.0,MDAUKR
7,7487303,"['MDA', 'ROU', 'SRB', 'HUN', 'SVK', 'UKR']",1,MDA,UKR,"[1.5, 0.5, 1.5, 0.25, 0.25, 1.5]",5.5,MDAUKR
8,7485564,"['MDA', 'ROU', 'HUN', 'SVK', 'POL', 'UKR']",1,MDA,UKR,"[1.5, 0.5, 0.25, 0.25, 0.25, 1.5]",4.25,MDAUKR
9,7483570,"['MDA', 'ROU', 'BGR', 'SRB', 'HUN', 'UKR']",1,MDA,UKR,"[1.5, 0.5, 0.5, 1.5, 0.25, 1.5]",5.75,MDAUKR
0,7489875,"['POL', 'DEU']",1,POL,DEU,"[0.25, 0.0]",0.25,POLDEU
1,7489874,"['POL', 'CZE', 'DEU']",1,POL,DEU,"[0.25, 0.25, 0.0]",0.5,POLDEU
2,7489873,"['POL', 'CZE', 'AUT', 'DEU']",1,POL,DEU,"[0.25, 0.25, 0.0, 0.0]",0.5,POLDEU
3,7489739,"['POL', 'BLR', 'UKR', 'SVK', 'CZE', 'DEU']",1,POL,DEU,"[0.25, 1.75, 1.5, 0.25, 0.25, 0.0]",4.0,POLDEU
4,7489737,"['POL', 'BLR', 'UKR', 'SVK', 'AUT', 'DEU']",1,POL,DEU,"[0.25, 1.75, 1.5, 0.25, 0.0, 0.0]",3.75,POLDEU
5,7488947,"['POL', 'BLR', 'UKR', 'HUN', 'AUT', 'DEU']",1,POL,DEU,"[0.25, 1.75, 1.5, 0.25, 0.0, 0.0]",3.75,POLDEU
6,7489475,"['POL', 'BLR', 'UKR', 'ROU', 'HUN', 'AUT', 'DEU']",1,POL,DEU,"[0.25, 1.75, 1.5, 0.5, 0.25, 0.0, 0.0]",4.25,POLDEU
7,7489736,"['POL', 'BLR', 'UKR', 'SVK', 'AUT', 'CZE', 'DEU']",1,POL,DEU,"[0.25, 1.75, 1.5, 0.25, 0.0, 0.25, 0.0]",4.0,POLDEU
8,7488561,"['POL', 'BLR', 'RUS', 'UKR', 'HUN', 'AUT', 'DEU']",1,POL,DEU,"[0.25, 1.75, 1.75, 1.5, 0.25, 0.0, 0.0]",5.5,POLDEU
9,7489184,"['POL', 'BLR', 'UKR', 'HUN', 'SVK', 'CZE', 'DEU']",1,POL,DEU,"[0.25, 1.75, 1.5, 0.25, 0.25, 0.25, 0.0]",4.25,POLDEU
0,7489876,"['PRT', 'ESP']",1,PRT,ESP,"[0.0, 0.25]",0.25,PRTESP
0,7500729,"['ROU', 'SRB', 'ALB']",1,ROU,ALB,"[0.5, 1.5, 1.5]",3.5,ROUALB
1,7489877,"['ROU', 'BGR', 'GRC', 'ALB']",1,ROU,ALB,"[0.5, 0.5, 0.5, 1.5]",3.0,ROUALB
2,7489878,"['ROU', 'BGR', 'MKD', 'ALB']",1,ROU,ALB,"[0.5, 0.5, 1.5, 1.5]",4.0,ROUALB
3,7489879,"['ROU', 'BGR', 'SRB', 'ALB']",1,ROU,ALB,"[0.5, 0.5, 1.5, 1.5]",4.0,ROUALB
4,7492803,"['ROU', 'HUN', 'SRB', 'ALB']",1,ROU,ALB,"[0.5, 0.25, 1.5, 1.5]",3.75,ROUALB
5,7502783,"['ROU', 'UKR', 'HUN', 'SRB', 'ALB']",1,ROU,ALB,"[0.5, 1.5, 0.25, 1.5, 1.5]",5.25,ROUALB
6,7490498,"['ROU', 'BGR', 'TUR', 'GRC', 'ALB']",1,ROU,ALB,"[0.5, 0.5, 1.5, 0.5, 1.5]",4.5,ROUALB
7,7492354,"['ROU', 'HUN', 'HRV', 'MNE', 'ALB']",1,ROU,ALB,"[0.5, 0.25, 0.5, 1.5, 1.5]",4.25,ROUALB
8,7492355,"['ROU', 'HUN', 'HRV', 'SRB', 'ALB']",1,ROU,ALB,"[0.5, 0.25, 0.5, 1.5, 1.5]",4.25,ROUALB
9,7495498,"['ROU', 'HUN', 'SVN', 'HRV', 'MNE', 'ALB']",1,ROU,ALB,"[0.5, 0.25, 0.25, 0.5, 1.5, 1.5]",4.5,ROUALB
0,7523899,"['ROU', 'UKR', 'POL', 'DEU', 'BEL']",1,ROU,BEL,"[0.5, 1.5, 0.25, 0.0, 0.0]",2.25,ROUBEL
1,7511899,"['ROU', 'HUN', 'AUT', 'DEU', 'BEL']",1,ROU,BEL,"[0.5, 0.25, 0.0, 0.0, 0.0]",0.75,ROUBEL
2,7514551,"['ROU', 'HUN', 'SVN', 'ITA', 'FRA', 'BEL']",1,ROU,BEL,"[0.5, 0.25, 0.25, 0.25, 0.0, 0.0]",1.25,ROUBEL
3,7514172,"['ROU', 'HUN', 'SVN', 'AUT', 'DEU', 'BEL']",1,ROU,BEL,"[0.5, 0.25, 0.25, 0.0, 0.0, 0.0]",1.0,ROUBEL
4,7513620,"['ROU', 'HUN', 'SVK', 'POL', 'DEU', 'BEL']",1,ROU,BEL,"[0.5, 0.25, 0.25, 0.25, 0.0, 0.0]",1.25,ROUBEL
5,7511628,"['ROU', 'HUN', 'AUT', 'CZE', 'DEU', 'BEL']",1,ROU,BEL,"[0.5, 0.25, 0.0, 0.25, 0.0, 0.0]",1.0,ROUBEL
6,7512341,"['ROU', 'HUN', 'AUT', 'CHE', 'FRA', 'BEL']",1,ROU,BEL,"[0.5, 0.25, 0.0, 1.0, 0.0, 0.0]",1.75,ROUBEL
7,7513228,"['ROU', 'HUN', 'SVK', 'AUT', 'DEU', 'BEL']",1,ROU,BEL,"[0.5, 0.25, 0.25, 0.0, 0.0, 0.0]",1.0,ROUBEL
8,7525961,"['ROU', 'UKR', 'SVK', 'POL', 'DEU', 'BEL']",1,ROU,BEL,"[0.5, 1.5, 0.25, 0.25, 0.0, 0.0]",2.5,ROUBEL
9,7512342,"['ROU', 'HUN', 'AUT', 'CHE', 'DEU', 'BEL']",1,ROU,BEL,"[0.5, 0.25, 0.0, 1.0, 0.0, 0.0]",1.75,ROUBEL
0,7526033,"['ROU', 'BGR']",1,ROU,BGR,"[0.5, 0.5]",1.0,ROUBGR
0,7536895,"['ROU', 'SRB', 'BIH']",1,ROU,BIH,"[0.5, 1.5, 1.5]",3.5,ROUBIH
1,7528830,"['ROU', 'HUN', 'HRV', 'BIH']",1,ROU,BIH,"[0.5, 0.25, 0.5, 1.5]",2.75,ROUBIH
2,7528872,"['ROU', 'HUN', 'SRB', 'BIH']",1,ROU,BIH,"[0.5, 0.25, 1.5, 1.5]",3.75,ROUBIH
3,7526372,"['ROU', 'BGR', 'SRB', 'BIH']",1,ROU,BIH,"[0.5, 0.5, 1.5, 1.5]",4.0,ROUBIH
4,7531554,"['ROU', 'HUN', 'SVN', 'HRV', 'BIH']",1,ROU,BIH,"[0.5, 0.25, 0.25, 0.5, 1.5]",3.0,ROUBIH
5,7526344,"['ROU', 'BGR', 'MKD', 'SRB', 'BIH']",1,ROU,BIH,"[0.5, 0.5, 1.5, 1.5, 1.5]",5.5,ROUBIH
6,7538821,"['ROU', 'UKR', 'HUN', 'HRV', 'BIH']",1,ROU,BIH,"[0.5, 1.5, 0.25, 0.5, 1.5]",4.25,ROUBIH
7,7536842,"['ROU', 'SRB', 'ALB', 'MNE', 'BIH']",1,ROU,BIH,"[0.5, 1.5, 1.5, 1.5, 1.5]",6.5,ROUBIH
8,7538839,"['ROU', 'UKR', 'HUN', 'SRB', 'BIH']",1,ROU,BIH,"[0.5, 1.5, 0.25, 1.5, 1.5]",5.25,ROUBIH
9,7526040,"['ROU', 'BGR', 'GRC', 'MKD', 'SRB', 'BIH']",1,ROU,BIH,"[0.5, 0.5, 0.5, 1.5, 1.5, 1.5]",6.0,ROUBIH
0,7549484,"['ROU', 'HUN', 'AUT', 'CHE']",1,ROU,CHE,"[0.5, 0.25, 0.0, 1.0]",1.75,ROUCHE
1,7552892,"['ROU', 'HUN', 'SVN', 'ITA', 'CHE']",1,ROU,CHE,"[0.5, 0.25, 0.25, 0.25, 1.0]",2.25,ROUCHE
2,7566135,"['ROU', 'UKR', 'POL', 'DEU', 'CHE']",1,ROU,CHE,"[0.5, 1.5, 0.25, 0.0, 1.0]",3.25,ROUCHE
3,7564413,"['ROU', 'UKR', 'HUN', 'AUT', 'CHE']",1,ROU,CHE,"[0.5, 1.5, 0.25, 0.0, 1.0]",3.25,ROUCHE
4,7550811,"['ROU', 'HUN', 'SVK', 'AUT', 'CHE']",1,ROU,CHE,"[0.5, 0.25, 0.25, 0.0, 1.0]",2.0,ROUCHE
5,7548824,"['ROU', 'HUN', 'AUT', 'DEU', 'CHE']",1,ROU,CHE,"[0.5, 0.25, 0.0, 0.0, 1.0]",1.75,ROUCHE
6,7560220,"['ROU', 'SRB', 'HUN', 'AUT', 'CHE']",1,ROU,CHE,"[0.5, 1.5, 0.25, 0.0, 1.0]",3.25,ROUCHE
7,7552493,"['ROU', 'HUN', 'SVN', 'AUT', 'CHE']",1,ROU,CHE,"[0.5, 0.25, 0.25, 0.0, 1.0]",2.0,ROUCHE
8,7548922,"['ROU', 'HUN', 'AUT', 'ITA', 'CHE']",1,ROU,CHE,"[0.5, 0.25, 0.0, 0.25, 1.0]",2.0,ROUCHE
9,7548923,"['ROU', 'HUN', 'AUT', 'LIE', 'CHE']",1,ROU,CHE,"[0.5, 0.25, 0.0, 1.0]",1.75,ROUCHE
0,7574688,"['ROU', 'UKR', 'SVK', 'CZE']",1,ROU,CZE,"[0.5, 1.5, 0.25, 0.25]",2.5,ROUCZE
1,7571608,"['ROU', 'HUN', 'SVK', 'CZE']",1,ROU,CZE,"[0.5, 0.25, 0.25, 0.25]",1.25,ROUCZE
2,7570981,"['ROU', 'HUN', 'AUT', 'CZE']",1,ROU,CZE,"[0.5, 0.25, 0.0, 0.25]",1.0,ROUCZE
3,7574513,"['ROU', 'UKR', 'POL', 'CZE']",1,ROU,CZE,"[0.5, 1.5, 0.25, 0.25]",2.5,ROUCZE
4,7571988,"['ROU', 'HUN', 'UKR', 'SVK', 'CZE']",1,ROU,CZE,"[0.5, 0.25, 1.5, 0.25, 0.25]",2.75,ROUCZE
5,7571920,"['ROU', 'HUN', 'UKR', 'POL', 'CZE']",1,ROU,CZE,"[0.5, 0.25, 1.5, 0.25, 0.25]",2.75,ROUCZE
6,7573254,"['ROU', 'SRB', 'HUN', 'AUT', 'CZE']",1,ROU,CZE,"[0.5, 1.5, 0.25, 0.0, 0.25]",2.5,ROUCZE
7,7571607,"['ROU', 'HUN', 'SVK', 'AUT', 'CZE']",1,ROU,CZE,"[0.5, 0.25, 0.25, 0.0, 0.25]",1.25,ROUCZE
8,7571609,"['ROU', 'HUN', 'SVN', 'AUT', 'CZE']",1,ROU,CZE,"[0.5, 0.25, 0.25, 0.0, 0.25]",1.25,ROUCZE
9,7572319,"['ROU', 'MDA', 'UKR', 'POL', 'CZE']",1,ROU,CZE,"[0.5, 1.5, 1.5, 0.25, 0.25]",4.0,ROUCZE
0,7581074,"['ROU', 'UKR', 'POL', 'DEU']",1,ROU,DEU,"[0.5, 1.5, 0.25, 0.0]",2.25,ROUDEU
1,7576777,"['ROU', 'HUN', 'AUT', 'DEU']",1,ROU,DEU,"[0.5, 0.25, 0.0, 0.0]",0.75,ROUDEU
2,7577434,"['ROU', 'HUN', 'SVK', 'POL', 'DEU']",1,ROU,DEU,"[0.5, 0.25, 0.25, 0.25, 0.0]",1.25,ROUDEU
3,7577361,"['ROU', 'HUN', 'SVK', 'AUT', 'DEU']",1,ROU,DEU,"[0.5, 0.25, 0.25, 0.0, 0.0]",1.0,ROUDEU
4,7580555,"['ROU', 'UKR', 'BLR', 'POL', 'DEU']",1,ROU,DEU,"[0.5, 1.5, 1.75, 0.25, 0.0]",4.0,ROUDEU
5,7577590,"['ROU', 'HUN', 'SVN', 'AUT', 'DEU']",1,ROU,DEU,"[0.5, 0.25, 0.25, 0.0, 0.0]",1.0,ROUDEU
6,7576776,"['ROU', 'HUN', 'AUT', 'CZE', 'DEU']",1,ROU,DEU,"[0.5, 0.25, 0.0, 0.25, 0.0]",1.0,ROUDEU
7,7581510,"['ROU', 'UKR', 'SVK', 'POL', 'DEU']",1,ROU,DEU,"[0.5, 1.5, 0.25, 0.25, 0.0]",2.5,ROUDEU
8,7577888,"['ROU', 'HUN', 'UKR', 'POL', 'DEU']",1,ROU,DEU,"[0.5, 0.25, 1.5, 0.25, 0.0]",2.5,ROUDEU
9,7578365,"['ROU', 'MDA', 'UKR', 'POL', 'DEU']",1,ROU,DEU,"[0.5, 1.5, 1.5, 0.25, 0.0]",3.75,ROUDEU
0,7601403,"['ROU', 'UKR', 'POL', 'DEU', 'DNK']",1,ROU,DNK,"[0.5, 1.5, 0.25, 0.0, 0.0]",2.25,ROUDNK
1,7585798,"['ROU', 'HUN', 'AUT', 'DEU', 'DNK']",1,ROU,DNK,"[0.5, 0.25, 0.0, 0.0, 0.0]",0.75,ROUDNK
2,7590011,"['ROU', 'HUN', 'UKR', 'POL', 'DEU', 'DNK']",1,ROU,DNK,"[0.5, 0.25, 1.5, 0.25, 0.0, 0.0]",2.5,ROUDNK
3,7587877,"['ROU', 'HUN', 'SVK', 'CZE', 'DEU', 'DNK']",1,ROU,DNK,"[0.5, 0.25, 0.25, 0.25, 0.0, 0.0]",1.25,ROUDNK
4,7595740,"['ROU', 'SRB', 'HUN', 'AUT', 'DEU', 'DNK']",1,ROU,DNK,"[0.5, 1.5, 0.25, 0.0, 0.0, 0.0]",2.25,ROUDNK
5,7585395,"['ROU', 'HUN', 'AUT', 'CZE', 'DEU', 'DNK']",1,ROU,DNK,"[0.5, 0.25, 0.0, 0.25, 0.0, 0.0]",1.0,ROUDNK
6,7586453,"['ROU', 'HUN', 'AUT', 'CHE', 'DEU', 'DNK']",1,ROU,DNK,"[0.5, 0.25, 0.0, 1.0, 0.0, 0.0]",1.75,ROUDNK
7,7591962,"['ROU', 'MDA', 'UKR', 'POL', 'DEU', 'DNK']",1,ROU,DNK,"[0.5, 1.5, 1.5, 0.25, 0.0, 0.0]",3.75,ROUDNK
8,7587578,"['ROU', 'HUN', 'SVK', 'AUT', 'DEU', 'DNK']",1,ROU,DNK,"[0.5, 0.25, 0.25, 0.0, 0.0, 0.0]",1.0,ROUDNK
9,7588213,"['ROU', 'HUN', 'SVK', 'POL', 'DEU', 'DNK']",1,ROU,DNK,"[0.5, 0.25, 0.25, 0.25, 0.0, 0.0]",1.25,ROUDNK
0,7609391,"['ROU', 'HUN', 'AUT', 'ITA', 'FRA', 'ESP']",1,ROU,ESP,"[0.5, 0.25, 0.0, 0.25, 0.0, 0.25]",1.25,ROUESP
1,7630636,"['ROU', 'UKR', 'POL', 'DEU', 'FRA', 'ESP']",1,ROU,ESP,"[0.5, 1.5, 0.25, 0.0, 0.0, 0.25]",2.5,ROUESP
2,7614623,"['ROU', 'HUN', 'SVN', 'ITA', 'FRA', 'ESP']",1,ROU,ESP,"[0.5, 0.25, 0.25, 0.25, 0.0, 0.25]",1.5,ROUESP
3,7610265,"['ROU', 'HUN', 'AUT', 'CHE', 'FRA', 'ESP']",1,ROU,ESP,"[0.5, 0.25, 0.0, 1.0, 0.0, 0.25]",2.0,ROUESP
4,7609132,"['ROU', 'HUN', 'AUT', 'DEU', 'FRA', 'ESP']",1,ROU,ESP,"[0.5, 0.25, 0.0, 0.0, 0.0, 0.25]",1.0,ROUESP
5,7609523,"['ROU', 'HUN', 'AUT', 'LIE', 'CHE', 'FRA', 'ESP']",1,ROU,ESP,"[0.5, 0.25, 0.0, 1.0, 0.0, 0.25]",2.0,ROUESP
6,7609445,"['ROU', 'HUN', 'AUT', 'ITA', 'CHE', 'FRA', 'ESP']",1,ROU,ESP,"[0.5, 0.25, 0.0, 0.25, 1.0, 0.0, 0.25]",2.25,ROUESP
7,7608593,"['ROU', 'HUN', 'AUT', 'CZE', 'DEU', 'FRA', 'ESP']",1,ROU,ESP,"[0.5, 0.25, 0.0, 0.25, 0.0, 0.0, 0.25]",1.25,ROUESP
8,7609312,"['ROU', 'HUN', 'AUT', 'DEU', 'CHE', 'FRA', 'ESP']",1,ROU,ESP,"[0.5, 0.25, 0.0, 0.0, 1.0, 0.0, 0.25]",2.0,ROUESP
9,7609142,"['ROU', 'HUN', 'AUT', 'DEU', 'LUX', 'FRA', 'ESP']",1,ROU,ESP,"[0.5, 0.25, 0.0, 0.0, 0.0, 0.0, 0.25]",1.0,ROUESP
0,7657398,"['ROU', 'UKR', 'RUS', 'FIN']",1,ROU,FIN,"[0.5, 1.5, 1.75, 0.0]",3.75,ROUFIN
1,7656508,"['ROU', 'UKR', 'POL', 'RUS', 'FIN']",1,ROU,FIN,"[0.5, 1.5, 0.25, 1.75, 0.0]",4.0,ROUFIN
2,7643986,"['ROU', 'HUN', 'UKR', 'RUS', 'FIN']",1,ROU,FIN,"[0.5, 0.25, 1.5, 1.75, 0.0]",4.0,ROUFIN
3,7646278,"['ROU', 'MDA', 'UKR', 'RUS', 'FIN']",1,ROU,FIN,"[0.5, 1.5, 1.5, 1.75, 0.0]",5.25,ROUFIN
4,7653586,"['ROU', 'UKR', 'BLR', 'RUS', 'FIN']",1,ROU,FIN,"[0.5, 1.5, 1.75, 1.75, 0.0]",5.5,ROUFIN
5,7643788,"['ROU', 'HUN', 'UKR', 'POL', 'RUS', 'FIN']",1,ROU,FIN,"[0.5, 0.25, 1.5, 0.25, 1.75, 0.0]",4.25,ROUFIN
6,7659306,"['ROU', 'UKR', 'SVK', 'POL', 'RUS', 'FIN']",1,ROU,FIN,"[0.5, 1.5, 0.25, 0.25, 1.75, 0.0]",4.25,ROUFIN
7,7637870,"['ROU', 'BGR', 'TUR', 'GEO', 'RUS', 'FIN']",1,ROU,FIN,"[0.5, 0.5, 1.5, 1.5, 1.75, 0.0]",5.75,ROUFIN
8,7645987,"['ROU', 'MDA', 'UKR', 'POL', 'RUS', 'FIN']",1,ROU,FIN,"[0.5, 1.5, 1.5, 0.25, 1.75, 0.0]",5.5,ROUFIN
9,7637810,"['ROU', 'BGR', 'TUR', 'AZE', 'RUS', 'FIN']",1,ROU,FIN,"[0.5, 0.5, 1.5, 1.5, 1.75, 0.0]",5.75,ROUFIN
0,7691042,"['ROU', 'BGR', 'GRC']",1,ROU,GRC,"[0.5, 0.5, 0.5]",1.5,ROUGRC
1,7702456,"['ROU', 'SRB', 'BGR', 'GRC']",1,ROU,GRC,"[0.5, 1.5, 0.5, 0.5]",3.0,ROUGRC
2,7707839,"['ROU', 'SRB', 'MKD', 'GRC']",1,ROU,GRC,"[0.5, 1.5, 1.5, 0.5]",4.0,ROUGRC
3,7701802,"['ROU', 'SRB', 'ALB', 'GRC']",1,ROU,GRC,"[0.5, 1.5, 1.5, 0.5]",4.0,ROUGRC
4,7707838,"['ROU', 'SRB', 'MKD', 'BGR', 'GRC']",1,ROU,GRC,"[0.5, 1.5, 1.5, 0.5, 0.5]",4.5,ROUGRC
5,7693417,"['ROU', 'HUN', 'SRB', 'ALB', 'GRC']",1,ROU,GRC,"[0.5, 0.25, 1.5, 1.5, 0.5]",4.25,ROUGRC
6,7693664,"['ROU', 'HUN', 'SRB', 'MKD', 'GRC']",1,ROU,GRC,"[0.5, 0.25, 1.5, 1.5, 0.5]",4.25,ROUGRC
7,7693470,"['ROU', 'HUN', 'SRB', 'BGR', 'GRC']",1,ROU,GRC,"[0.5, 0.25, 1.5, 0.5, 0.5]",3.25,ROUGRC
8,7707185,"['ROU', 'SRB', 'MNE', 'ALB', 'GRC']",1,ROU,GRC,"[0.5, 1.5, 1.5, 1.5, 0.5]",5.5,ROUGRC
9,7707837,"['ROU', 'SRB', 'MKD', 'ALB', 'GRC']",1,ROU,GRC,"[0.5, 1.5, 1.5, 1.5, 0.5]",5.5,ROUGRC
0,7751439,"['ROU', 'HUN', 'AUT', 'ITA']",1,ROU,ITA,"[0.5, 0.25, 0.0, 0.25]",1.0,ROUITA
1,7753666,"['ROU', 'HUN', 'SVN', 'ITA']",1,ROU,ITA,"[0.5, 0.25, 0.25, 0.25]",1.25,ROUITA
2,7762641,"['ROU', 'UKR', 'HUN', 'SVN', 'ITA']",1,ROU,ITA,"[0.5, 1.5, 0.25, 0.25, 0.25]",2.75,ROUITA
3,7751799,"['ROU', 'HUN', 'HRV', 'SVN', 'ITA']",1,ROU,ITA,"[0.5, 0.25, 0.5, 0.25, 0.25]",1.75,ROUITA
4,7759649,"['ROU', 'SRB', 'HUN', 'SVN', 'ITA']",1,ROU,ITA,"[0.5, 1.5, 0.25, 0.25, 0.25]",2.75,ROUITA
5,7758923,"['ROU', 'SRB', 'HUN', 'AUT', 'ITA']",1,ROU,ITA,"[0.5, 1.5, 0.25, 0.0, 0.25]",2.5,ROUITA
6,7758641,"['ROU', 'SRB', 'HRV', 'SVN', 'ITA']",1,ROU,ITA,"[0.5, 1.5, 0.5, 0.25, 0.25]",3.0,ROUITA
7,7753535,"['ROU', 'HUN', 'SVN', 'AUT', 'ITA']",1,ROU,ITA,"[0.5, 0.25, 0.25, 0.0, 0.25]",1.25,ROUITA
8,7761908,"['ROU', 'UKR', 'HUN', 'AUT', 'ITA']",1,ROU,ITA,"[0.5, 1.5, 0.25, 0.0, 0.25]",2.5,ROUITA
9,7752351,"['ROU', 'HUN', 'SVK', 'AUT', 'ITA']",1,ROU,ITA,"[0.5, 0.25, 0.25, 0.0, 0.25]",1.25,ROUITA
0,7782361,"['ROU', 'SRB', 'MKD']",1,ROU,MKD,"[0.5, 1.5, 1.5]",3.5,ROUMKD
1,7765186,"['ROU', 'BGR', 'MKD']",1,ROU,MKD,"[0.5, 0.5, 1.5]",2.5,ROUMKD
2,7776291,"['ROU', 'SRB', 'ALB', 'MKD']",1,ROU,MKD,"[0.5, 1.5, 1.5, 1.5]",5.0,ROUMKD
3,7765185,"['ROU', 'BGR', 'GRC', 'MKD']",1,ROU,MKD,"[0.5, 0.5, 0.5, 1.5]",3.0,ROUMKD
4,7767868,"['ROU', 'HUN', 'SRB', 'MKD']",1,ROU,MKD,"[0.5, 0.25, 1.5, 1.5]",3.75,ROUMKD
5,7776960,"['ROU', 'SRB', 'BGR', 'MKD']",1,ROU,MKD,"[0.5, 1.5, 0.5, 1.5]",4.0,ROUMKD
6,7776959,"['ROU', 'SRB', 'BGR', 'GRC', 'MKD']",1,ROU,MKD,"[0.5, 1.5, 0.5, 0.5, 1.5]",4.5,ROUMKD
7,7767670,"['ROU', 'HUN', 'SRB', 'BGR', 'MKD']",1,ROU,MKD,"[0.5, 0.25, 1.5, 0.5, 1.5]",4.25,ROUMKD
8,7767608,"['ROU', 'HUN', 'SRB', 'ALB', 'MKD']",1,ROU,MKD,"[0.5, 0.25, 1.5, 1.5, 1.5]",5.25,ROUMKD
9,7765184,"['ROU', 'BGR', 'GRC', 'ALB', 'MKD']",1,ROU,MKD,"[0.5, 0.5, 0.5, 1.5, 1.5]",4.5,ROUMKD
0,7795188,"['ROU', 'HUN', 'AUT', 'DEU', 'NLD']",1,ROU,NLD,"[0.5, 0.25, 0.0, 0.0, 0.0]",0.75,ROUNLD
1,7814376,"['ROU', 'UKR', 'POL', 'DEU', 'NLD']",1,ROU,NLD,"[0.5, 1.5, 0.25, 0.0, 0.0]",2.25,ROUNLD
2,7802901,"['ROU', 'MDA', 'UKR', 'POL', 'DEU', 'NLD']",1,ROU,NLD,"[0.5, 1.5, 1.5, 0.25, 0.0, 0.0]",3.75,ROUNLD
3,7800423,"['ROU', 'HUN', 'UKR', 'POL', 'DEU', 'NLD']",1,ROU,NLD,"[0.5, 0.25, 1.5, 0.25, 0.0, 0.0]",2.5,ROUNLD
4,7798180,"['ROU', 'HUN', 'SVK', 'POL', 'DEU', 'NLD']",1,ROU,NLD,"[0.5, 0.25, 0.25, 0.25, 0.0, 0.0]",1.25,ROUNLD
5,7796006,"['ROU', 'HUN', 'AUT', 'CHE', 'DEU', 'NLD']",1,ROU,NLD,"[0.5, 0.25, 0.0, 1.0, 0.0, 0.0]",1.75,ROUNLD
6,7797743,"['ROU', 'HUN', 'SVK', 'CZE', 'DEU', 'NLD']",1,ROU,NLD,"[0.5, 0.25, 0.25, 0.25, 0.0, 0.0]",1.25,ROUNLD
7,7794725,"['ROU', 'HUN', 'AUT', 'CZE', 'DEU', 'NLD']",1,ROU,NLD,"[0.5, 0.25, 0.0, 0.25, 0.0, 0.0]",1.0,ROUNLD
8,7817865,"['ROU', 'UKR', 'SVK', 'POL', 'DEU', 'NLD']",1,ROU,NLD,"[0.5, 1.5, 0.25, 0.25, 0.0, 0.0]",2.5,ROUNLD
9,7797311,"['ROU', 'HUN', 'SVK', 'AUT', 'DEU', 'NLD']",1,ROU,NLD,"[0.5, 0.25, 0.25, 0.0, 0.0, 0.0]",1.0,ROUNLD
0,7844572,"['ROU', 'UKR', 'RUS', 'NOR']",1,ROU,NOR,"[0.5, 1.5, 1.75, 1.0]",4.75,ROUNOR
1,7843205,"['ROU', 'UKR', 'POL', 'RUS', 'NOR']",1,ROU,NOR,"[0.5, 1.5, 0.25, 1.75, 1.0]",5.0,ROUNOR
2,7831589,"['ROU', 'MDA', 'UKR', 'RUS', 'NOR']",1,ROU,NOR,"[0.5, 1.5, 1.5, 1.75, 1.0]",6.25,ROUNOR
3,7828933,"['ROU', 'HUN', 'UKR', 'RUS', 'NOR']",1,ROU,NOR,"[0.5, 0.25, 1.5, 1.75, 1.0]",5.0,ROUNOR
4,7840027,"['ROU', 'UKR', 'BLR', 'RUS', 'NOR']",1,ROU,NOR,"[0.5, 1.5, 1.75, 1.75, 1.0]",6.5,ROUNOR
5,7844095,"['ROU', 'UKR', 'RUS', 'FIN', 'NOR']",1,ROU,NOR,"[0.5, 1.5, 1.75, 0.0, 1.0]",4.75,ROUNOR
6,7846651,"['ROU', 'UKR', 'SVK', 'POL', 'RUS', 'NOR']",1,ROU,NOR,"[0.5, 1.5, 0.25, 0.25, 1.75, 1.0]",5.25,ROUNOR
7,7831165,"['ROU', 'MDA', 'UKR', 'POL', 'RUS', 'NOR']",1,ROU,NOR,"[0.5, 1.5, 1.5, 0.25, 1.75, 1.0]",6.5,ROUNOR
8,7821469,"['ROU', 'BGR', 'TUR', 'AZE', 'RUS', 'NOR']",1,ROU,NOR,"[0.5, 0.5, 1.5, 1.5, 1.75, 1.0]",6.75,ROUNOR
9,7821595,"['ROU', 'BGR', 'TUR', 'GEO', 'RUS', 'NOR']",1,ROU,NOR,"[0.5, 0.5, 1.5, 1.5, 1.75, 1.0]",6.75,ROUNOR
0,7856926,"['ROU', 'UKR', 'POL']",1,ROU,POL,"[0.5, 1.5, 0.25]",2.25,ROUPOL
1,7855618,"['ROU', 'UKR', 'BLR', 'POL']",1,ROU,POL,"[0.5, 1.5, 1.75, 0.25]",4.0,ROUPOL
2,7852355,"['ROU', 'MDA', 'UKR', 'POL']",1,ROU,POL,"[0.5, 1.5, 1.5, 0.25]",3.75,ROUPOL
3,7851748,"['ROU', 'HUN', 'UKR', 'POL']",1,ROU,POL,"[0.5, 0.25, 1.5, 0.25]",2.5,ROUPOL
4,7851084,"['ROU', 'HUN', 'SVK', 'POL']",1,ROU,POL,"[0.5, 0.25, 0.25, 0.25]",1.25,ROUPOL
5,7851790,"['ROU', 'MDA', 'UKR', 'BLR', 'POL']",1,ROU,POL,"[0.5, 1.5, 1.5, 1.75, 0.25]",5.5,ROUPOL
6,7854627,"['ROU', 'SRB', 'HUN', 'SVK', 'POL']",1,ROU,POL,"[0.5, 1.5, 0.25, 0.25, 0.25]",2.75,ROUPOL
7,7851083,"['ROU', 'HUN', 'SVK', 'CZE', 'POL']",1,ROU,POL,"[0.5, 0.25, 0.25, 0.25, 0.25]",1.5,ROUPOL
8,7849373,"['ROU', 'HUN', 'AUT', 'SVK', 'POL']",1,ROU,POL,"[0.5, 0.25, 0.0, 0.25, 0.25]",1.25,ROUPOL
9,7849118,"['ROU', 'HUN', 'AUT', 'CZE', 'POL']",1,ROU,POL,"[0.5, 0.25, 0.0, 0.25, 0.25]",1.25,ROUPOL
0,7867696,"['ROU', 'HUN', 'SVN', 'ITA', 'FRA', 'ESP', 'PRT']",1,ROU,PRT,"[0.5, 0.25, 0.25, 0.25, 0.0, 0.25, 0.0]",1.5,ROUPRT
1,7861917,"['ROU', 'HUN', 'AUT', 'DEU', 'FRA', 'ESP', 'PRT']",1,ROU,PRT,"[0.5, 0.25, 0.0, 0.0, 0.0, 0.25, 0.0]",1.0,ROUPRT
2,7863111,"['ROU', 'HUN', 'AUT', 'CHE', 'FRA', 'ESP', 'PRT']",1,ROU,PRT,"[0.5, 0.25, 0.0, 1.0, 0.0, 0.25, 0.0]",2.0,ROUPRT
3,7862193,"['ROU', 'HUN', 'AUT', 'ITA', 'FRA', 'ESP', 'PRT']",1,ROU,PRT,"[0.5, 0.25, 0.0, 0.25, 0.0, 0.25, 0.0]",1.25,ROUPRT
4,7884406,"['ROU', 'UKR', 'POL', 'DEU', 'FRA', 'ESP', 'PRT']",1,ROU,PRT,"[0.5, 1.5, 0.25, 0.0, 0.0, 0.25, 0.0]",2.5,ROUPRT
5,7861933,"['ROU', 'HUN', 'AUT', 'DEU', 'LUX', 'FRA', 'ESP', 'PRT']",1,ROU,PRT,"[0.5, 0.25, 0.0, 0.0, 0.0, 0.0, 0.25, 0.0]",1.0,ROUPRT
6,7862341,"['ROU', 'HUN', 'AUT', 'LIE', 'CHE', 'FRA', 'ESP', 'PRT']",1,ROU,PRT,"[0.5, 0.25, 0.0, 1.0, 0.0, 0.25, 0.0]",2.0,ROUPRT
7,7862260,"['ROU', 'HUN', 'AUT', 'ITA', 'CHE', 'FRA', 'ESP', 'PRT']",1,ROU,PRT,"[0.5, 0.25, 0.0, 0.25, 1.0, 0.0, 0.25, 0.0]",2.25,ROUPRT
8,7862112,"['ROU', 'HUN', 'AUT', 'DEU', 'CHE', 'FRA', 'ESP', 'PRT']",1,ROU,PRT,"[0.5, 0.25, 0.0, 0.0, 1.0, 0.0, 0.25, 0.0]",2.0,ROUPRT
9,7861795,"['ROU', 'HUN', 'AUT', 'DEU', 'BEL', 'FRA', 'ESP', 'PRT']",1,ROU,PRT,"[0.5, 0.25, 0.0, 0.0, 0.0, 0.0, 0.25, 0.0]",1.0,ROUPRT
0,7893405,"['ROU', 'SRB']",1,ROU,SRB,"[0.5, 1.5]",2.0,ROUSRB
1,7889056,"['ROU', 'BGR', 'SRB']",1,ROU,SRB,"[0.5, 0.5, 1.5]",2.5,ROUSRB
2,7890964,"['ROU', 'HUN', 'SRB']",1,ROU,SRB,"[0.5, 0.25, 1.5]",2.25,ROUSRB
3,7890963,"['ROU', 'HUN', 'HRV', 'SRB']",1,ROU,SRB,"[0.5, 0.25, 0.5, 1.5]",2.75,ROUSRB
4,7889055,"['ROU', 'BGR', 'MKD', 'SRB']",1,ROU,SRB,"[0.5, 0.5, 1.5, 1.5]",4.0,ROUSRB
5,7890962,"['ROU', 'HUN', 'HRV', 'MNE', 'SRB']",1,ROU,SRB,"[0.5, 0.25, 0.5, 1.5, 1.5]",4.25,ROUSRB
6,7888739,"['ROU', 'BGR', 'GRC', 'MKD', 'SRB']",1,ROU,SRB,"[0.5, 0.5, 0.5, 1.5, 1.5]",4.5,ROUSRB
7,7890942,"['ROU', 'HUN', 'HRV', 'BIH', 'SRB']",1,ROU,SRB,"[0.5, 0.25, 0.5, 1.5, 1.5]",4.25,ROUSRB
8,7888975,"['ROU', 'BGR', 'MKD', 'ALB', 'SRB']",1,ROU,SRB,"[0.5, 0.5, 1.5, 1.5, 1.5]",5.5,ROUSRB
9,7888729,"['ROU', 'BGR', 'GRC', 'ALB', 'SRB']",1,ROU,SRB,"[0.5, 0.5, 0.5, 1.5, 1.5]",4.5,ROUSRB
0,7922090,"['ROU', 'UKR', 'RUS', 'FIN', 'SWE']",1,ROU,SWE,"[0.5, 1.5, 1.75, 0.0, 0.0]",3.75,ROUSWE
1,7922568,"['ROU', 'UKR', 'RUS', 'NOR', 'SWE']",1,ROU,SWE,"[0.5, 1.5, 1.75, 1.0, 0.0]",4.75,ROUSWE
2,7905376,"['ROU', 'HUN', 'UKR', 'RUS', 'FIN', 'SWE']",1,ROU,SWE,"[0.5, 0.25, 1.5, 1.75, 0.0, 0.0]",4.0,ROUSWE
3,7908440,"['ROU', 'MDA', 'UKR', 'RUS', 'NOR', 'SWE']",1,ROU,SWE,"[0.5, 1.5, 1.5, 1.75, 1.0, 0.0]",6.25,ROUSWE
4,7917789,"['ROU', 'UKR', 'BLR', 'RUS', 'NOR', 'SWE']",1,ROU,SWE,"[0.5, 1.5, 1.75, 1.75, 1.0, 0.0]",6.5,ROUSWE
5,7922089,"['ROU', 'UKR', 'RUS', 'FIN', 'NOR', 'SWE']",1,ROU,SWE,"[0.5, 1.5, 1.75, 0.0, 1.0, 0.0]",4.75,ROUSWE
6,7917693,"['ROU', 'UKR', 'BLR', 'RUS', 'FIN', 'SWE']",1,ROU,SWE,"[0.5, 1.5, 1.75, 1.75, 0.0, 0.0]",5.5,ROUSWE
7,7908306,"['ROU', 'MDA', 'UKR', 'RUS', 'FIN', 'SWE']",1,ROU,SWE,"[0.5, 1.5, 1.5, 1.75, 0.0, 0.0]",5.25,ROUSWE
8,7905498,"['ROU', 'HUN', 'UKR', 'RUS', 'NOR', 'SWE']",1,ROU,SWE,"[0.5, 0.25, 1.5, 1.75, 1.0, 0.0]",5.0,ROUSWE
9,7921199,"['ROU', 'UKR', 'POL', 'RUS', 'NOR', 'SWE']",1,ROU,SWE,"[0.5, 1.5, 0.25, 1.75, 1.0, 0.0]",5.0,ROUSWE
0,7928505,"['ROU', 'BGR', 'TUR']",1,ROU,TUR,"[0.5, 0.5, 1.5]",2.5,ROUTUR
1,7925692,"['ROU', 'BGR', 'GRC', 'TUR']",1,ROU,TUR,"[0.5, 0.5, 0.5, 1.5]",3.0,ROUTUR
2,7940446,"['ROU', 'SRB', 'BGR', 'TUR']",1,ROU,TUR,"[0.5, 1.5, 0.5, 1.5]",4.0,ROUTUR
3,7945897,"['ROU', 'SRB', 'MKD', 'GRC', 'TUR']",1,ROU,TUR,"[0.5, 1.5, 1.5, 0.5, 1.5]",5.5,ROUTUR
4,7925980,"['ROU', 'BGR', 'MKD', 'GRC', 'TUR']",1,ROU,TUR,"[0.5, 0.5, 1.5, 0.5, 1.5]",4.5,ROUTUR
5,7931132,"['ROU', 'HUN', 'SRB', 'BGR', 'TUR']",1,ROU,TUR,"[0.5, 0.25, 1.5, 0.5, 1.5]",4.25,ROUTUR
6,7945886,"['ROU', 'SRB', 'MKD', 'BGR', 'TUR']",1,ROU,TUR,"[0.5, 1.5, 1.5, 0.5, 1.5]",5.5,ROUTUR
7,7940430,"['ROU', 'SRB', 'BGR', 'GRC', 'TUR']",1,ROU,TUR,"[0.5, 1.5, 0.5, 0.5, 1.5]",4.5,ROUTUR
8,7950775,"['ROU', 'UKR', 'RUS', 'AZE', 'TUR']",1,ROU,TUR,"[0.5, 1.5, 1.75, 1.5, 1.5]",6.75,ROUTUR
9,7939577,"['ROU', 'SRB', 'ALB', 'GRC', 'TUR']",1,ROU,TUR,"[0.5, 1.5, 1.5, 0.5, 1.5]",5.5,ROUTUR
0,7976519,"['RUS', 'UKR', 'ROU', 'SRB', 'BIH']",1,RUS,BIH,"[1.75, 1.5, 0.5, 1.5, 1.5]",6.75,RUSBIH
1,7973696,"['RUS', 'UKR', 'HUN', 'HRV', 'BIH']",1,RUS,BIH,"[1.75, 1.5, 0.25, 0.5, 1.5]",5.5,RUSBIH
2,7973758,"['RUS', 'UKR', 'HUN', 'SRB', 'BIH']",1,RUS,BIH,"[1.75, 1.5, 0.25, 1.5, 1.5]",6.5,RUSBIH
3,7958631,"['RUS', 'BLR', 'UKR', 'ROU', 'SRB', 'BIH']",1,RUS,BIH,"[1.75, 1.75, 1.5, 0.5, 1.5, 1.5]",8.5,RUSBIH
4,7957508,"['RUS', 'BLR', 'UKR', 'HUN', 'HRV', 'BIH']",1,RUS,BIH,"[1.75, 1.75, 1.5, 0.25, 0.5, 1.5]",7.25,RUSBIH
5,7972092,"['RUS', 'POL', 'UKR', 'ROU', 'SRB', 'BIH']",1,RUS,BIH,"[1.75, 0.25, 1.5, 0.5, 1.5, 1.5]",7.0,RUSBIH
6,7971637,"['RUS', 'POL', 'UKR', 'HUN', 'SRB', 'BIH']",1,RUS,BIH,"[1.75, 0.25, 1.5, 0.25, 1.5, 1.5]",6.75,RUSBIH
7,7960456,"['RUS', 'GEO', 'TUR', 'BGR', 'SRB', 'BIH']",1,RUS,BIH,"[1.75, 1.5, 1.5, 0.5, 1.5, 1.5]",8.25,RUSBIH
8,7971060,"['RUS', 'POL', 'SVK', 'HUN', 'HRV', 'BIH']",1,RUS,BIH,"[1.75, 0.25, 0.25, 0.25, 0.5, 1.5]",4.5,RUSBIH
9,7971594,"['RUS', 'POL', 'UKR', 'HUN', 'HRV', 'BIH']",1,RUS,BIH,"[1.75, 0.25, 1.5, 0.25, 0.5, 1.5]",5.75,RUSBIH
0,7978959,"['RUS', 'BLR']",1,RUS,BLR,"[1.75, 1.75]",3.5,RUSBLR
1,7978458,"['RUS', 'AZE', 'TUR', 'BGR', 'ROU', 'UKR', 'BLR']",1,RUS,BLR,"[1.75, 1.5, 1.5, 0.5, 0.5, 1.5, 1.75]",9.0,RUSBLR
2,7978603,"['RUS', 'AZE', 'TUR', 'BGR', 'SRB', 'ROU', 'UKR', 'BLR']",1,RUS,BLR,"[1.75, 1.5, 1.5, 0.5, 1.5, 0.5, 1.5, 1.75]",10.5,RUSBLR
3,7978009,"['RUS', 'AZE', 'GEO', 'TUR', 'BGR', 'ROU', 'UKR', 'BLR']",1,RUS,BLR,"[1.75, 1.5, 1.5, 1.5, 0.5, 0.5, 1.5, 1.75]",10.5,RUSBLR
4,7978792,"['RUS', 'AZE', 'TUR', 'GRC', 'BGR', 'ROU', 'UKR', 'BLR']",1,RUS,BLR,"[1.75, 1.5, 1.5, 0.5, 0.5, 0.5, 1.5, 1.75]",9.5,RUSBLR
5,7978568,"['RUS', 'AZE', 'TUR', 'BGR', 'SRB', 'HUN', 'UKR', 'BLR']",1,RUS,BLR,"[1.75, 1.5, 1.5, 0.5, 1.5, 0.25, 1.5, 1.75]",10.25,RUSBLR
6,7978411,"['RUS', 'AZE', 'TUR', 'BGR', 'ROU', 'MDA', 'UKR', 'BLR']",1,RUS,BLR,"[1.75, 1.5, 1.5, 0.5, 0.5, 1.5, 1.5, 1.75]",10.5,RUSBLR
7,7978410,"['RUS', 'AZE', 'TUR', 'BGR', 'ROU', 'HUN', 'UKR', 'BLR']",1,RUS,BLR,"[1.75, 1.5, 1.5, 0.5, 0.5, 0.25, 1.5, 1.75]",9.25,RUSBLR
8,7977989,"['RUS', 'AZE', 'GEO', 'TUR', 'BGR', 'ROU', 'MDA', 'UKR', 'BLR']",1,RUS,BLR,"[1.75, 1.5, 1.5, 1.5, 0.5, 0.5, 1.5, 1.5, 1.75]",12.0,RUSBLR
9,7978065,"['RUS', 'AZE', 'GEO', 'TUR', 'BGR', 'SRB', 'ROU', 'UKR', 'BLR']",1,RUS,BLR,"[1.75, 1.5, 1.5, 1.5, 0.5, 1.5, 0.5, 1.5, 1.75]",12.0,RUSBLR
0,7978963,"['RUS', 'AZE', 'TUR', 'GRC']",1,RUS,GRC,"[1.75, 1.5, 1.5, 0.5]",5.25,RUSGRC
1,7985927,"['RUS', 'GEO', 'TUR', 'GRC']",1,RUS,GRC,"[1.75, 1.5, 1.5, 0.5]",5.25,RUSGRC
2,7978961,"['RUS', 'AZE', 'GEO', 'TUR', 'GRC']",1,RUS,GRC,"[1.75, 1.5, 1.5, 1.5, 0.5]",6.75,RUSGRC
3,7978962,"['RUS', 'AZE', 'TUR', 'BGR', 'GRC']",1,RUS,GRC,"[1.75, 1.5, 1.5, 0.5, 0.5]",5.75,RUSGRC
4,7985925,"['RUS', 'GEO', 'AZE', 'TUR', 'GRC']",1,RUS,GRC,"[1.75, 1.5, 1.5, 1.5, 0.5]",6.75,RUSGRC
5,8005366,"['RUS', 'UKR', 'ROU', 'BGR', 'GRC']",1,RUS,GRC,"[1.75, 1.5, 0.5, 0.5, 0.5]",4.75,RUSGRC
6,7985926,"['RUS', 'GEO', 'TUR', 'BGR', 'GRC']",1,RUS,GRC,"[1.75, 1.5, 1.5, 0.5, 0.5]",5.75,RUSGRC
7,7978960,"['RUS', 'AZE', 'GEO', 'TUR', 'BGR', 'GRC']",1,RUS,GRC,"[1.75, 1.5, 1.5, 1.5, 0.5, 0.5]",7.25,RUSGRC
8,8000299,"['RUS', 'POL', 'UKR', 'ROU', 'BGR', 'GRC']",1,RUS,GRC,"[1.75, 0.25, 1.5, 0.5, 0.5, 0.5]",5.0,RUSGRC
9,7985924,"['RUS', 'GEO', 'AZE', 'TUR', 'BGR', 'GRC']",1,RUS,GRC,"[1.75, 1.5, 1.5, 1.5, 0.5, 0.5]",7.25,RUSGRC
0,8020959,"['RUS', 'POL', 'CZE', 'AUT', 'ITA']",1,RUS,ITA,"[1.75, 0.25, 0.25, 0.0, 0.25]",2.5,RUSITA
1,8024672,"['RUS', 'UKR', 'HUN', 'AUT', 'ITA']",1,RUS,ITA,"[1.75, 1.5, 0.25, 0.0, 0.25]",3.75,RUSITA
2,8022274,"['RUS', 'POL', 'SVK', 'AUT', 'ITA']",1,RUS,ITA,"[1.75, 0.25, 0.25, 0.0, 0.25]",2.5,RUSITA
3,8027350,"['RUS', 'UKR', 'SVK', 'AUT', 'ITA']",1,RUS,ITA,"[1.75, 1.5, 0.25, 0.0, 0.25]",3.75,RUSITA
4,8021866,"['RUS', 'POL', 'DEU', 'CHE', 'ITA']",1,RUS,ITA,"[1.75, 0.25, 0.0, 1.0, 0.25]",3.25,RUSITA
5,8025394,"['RUS', 'UKR', 'HUN', 'SVN', 'ITA']",1,RUS,ITA,"[1.75, 1.5, 0.25, 0.25, 0.25]",4.0,RUSITA
6,8021784,"['RUS', 'POL', 'DEU', 'FRA', 'ITA']",1,RUS,ITA,"[1.75, 0.25, 0.0, 0.0, 0.25]",2.25,RUSITA
7,8021599,"['RUS', 'POL', 'DEU', 'AUT', 'ITA']",1,RUS,ITA,"[1.75, 0.25, 0.0, 0.0, 0.25]",2.25,RUSITA
8,8019031,"['RUS', 'LTU', 'POL', 'CZE', 'AUT', 'ITA']",1,RUS,ITA,"[1.75, 0.25, 0.25, 0.25, 0.0, 0.25]",2.75,RUSITA
9,8012535,"['RUS', 'BLR', 'UKR', 'SVK', 'AUT', 'ITA']",1,RUS,ITA,"[1.75, 1.75, 1.5, 0.25, 0.0, 0.25]",5.5,RUSITA
0,8038210,"['RUS', 'KAZ']",1,RUS,KAZ,"[1.75, 1.75]",3.5,RUSKAZ
0,8058271,"['RUS', 'UKR', 'MDA']",1,RUS,MDA,"[1.75, 1.5, 1.5]",4.75,RUSMDA
1,8042824,"['RUS', 'BLR', 'UKR', 'MDA']",1,RUS,MDA,"[1.75, 1.75, 1.5, 1.5]",6.5,RUSMDA
2,8055589,"['RUS', 'POL', 'UKR', 'MDA']",1,RUS,MDA,"[1.75, 0.25, 1.5, 1.5]",5.0,RUSMDA
3,8047797,"['RUS', 'LTU', 'BLR', 'UKR', 'MDA']",1,RUS,MDA,"[1.75, 0.25, 1.75, 1.5, 1.5]",6.75,RUSMDA
4,8045730,"['RUS', 'LVA', 'BLR', 'UKR', 'MDA']",1,RUS,MDA,"[1.75, 0.25, 1.75, 1.5, 1.5]",6.75,RUSMDA
5,8050210,"['RUS', 'LTU', 'POL', 'UKR', 'MDA']",1,RUS,MDA,"[1.75, 0.25, 0.25, 1.5, 1.5]",5.25,RUSMDA
6,8054959,"['RUS', 'POL', 'SVK', 'UKR', 'MDA']",1,RUS,MDA,"[1.75, 0.25, 0.25, 1.5, 1.5]",5.25,RUSMDA
7,8042082,"['RUS', 'BLR', 'POL', 'UKR', 'MDA']",1,RUS,MDA,"[1.75, 1.75, 0.25, 1.5, 1.5]",6.75,RUSMDA
8,8050450,"['RUS', 'POL', 'BLR', 'UKR', 'MDA']",1,RUS,MDA,"[1.75, 0.25, 1.75, 1.5, 1.5]",6.75,RUSMDA
9,8057249,"['RUS', 'UKR', 'HUN', 'ROU', 'MDA']",1,RUS,MDA,"[1.75, 1.5, 0.25, 0.5, 1.5]",5.5,RUSMDA
0,8058340,"['RUS', 'AZE', 'TUR', 'GRC', 'MKD']",1,RUS,MKD,"[1.75, 1.5, 1.5, 0.5, 1.5]",6.75,RUSMKD
1,8085946,"['RUS', 'UKR', 'ROU', 'SRB', 'MKD']",1,RUS,MKD,"[1.75, 1.5, 0.5, 1.5, 1.5]",6.75,RUSMKD
2,8082223,"['RUS', 'UKR', 'HUN', 'SRB', 'MKD']",1,RUS,MKD,"[1.75, 1.5, 0.25, 1.5, 1.5]",6.5,RUSMKD
3,8065367,"['RUS', 'GEO', 'TUR', 'BGR', 'MKD']",1,RUS,MKD,"[1.75, 1.5, 1.5, 0.5, 1.5]",6.75,RUSMKD
4,8084930,"['RUS', 'UKR', 'ROU', 'BGR', 'MKD']",1,RUS,MKD,"[1.75, 1.5, 0.5, 0.5, 1.5]",5.75,RUSMKD
5,8065403,"['RUS', 'GEO', 'TUR', 'GRC', 'MKD']",1,RUS,MKD,"[1.75, 1.5, 1.5, 0.5, 1.5]",6.75,RUSMKD
6,8058304,"['RUS', 'AZE', 'TUR', 'BGR', 'MKD']",1,RUS,MKD,"[1.75, 1.5, 1.5, 0.5, 1.5]",6.75,RUSMKD
7,8058277,"['RUS', 'AZE', 'GEO', 'TUR', 'BGR', 'MKD']",1,RUS,MKD,"[1.75, 1.5, 1.5, 1.5, 0.5, 1.5]",8.25,RUSMKD
8,8063568,"['RUS', 'BLR', 'UKR', 'ROU', 'SRB', 'MKD']",1,RUS,MKD,"[1.75, 1.75, 1.5, 0.5, 1.5, 1.5]",8.5,RUSMKD
9,8058291,"['RUS', 'AZE', 'GEO', 'TUR', 'GRC', 'MKD']",1,RUS,MKD,"[1.75, 1.5, 1.5, 1.5, 0.5, 1.5]",8.25,RUSMKD
0,8105319,"['RUS', 'UKR', 'ROU', 'SRB']",1,RUS,SRB,"[1.75, 1.5, 0.5, 1.5]",5.25,RUSSRB
1,8103767,"['RUS', 'UKR', 'HUN', 'SRB']",1,RUS,SRB,"[1.75, 1.5, 0.25, 1.5]",5.0,RUSSRB
2,8102020,"['RUS', 'POL', 'UKR', 'HUN', 'SRB']",1,RUS,SRB,"[1.75, 0.25, 1.5, 0.25, 1.5]",5.25,RUSSRB
3,8091201,"['RUS', 'BLR', 'UKR', 'ROU', 'SRB']",1,RUS,SRB,"[1.75, 1.75, 1.5, 0.5, 1.5]",7.0,RUSSRB
4,8087796,"['RUS', 'AZE', 'TUR', 'BGR', 'SRB']",1,RUS,SRB,"[1.75, 1.5, 1.5, 0.5, 1.5]",6.75,RUSSRB
5,8103766,"['RUS', 'UKR', 'HUN', 'ROU', 'SRB']",1,RUS,SRB,"[1.75, 1.5, 0.25, 0.5, 1.5]",5.5,RUSSRB
6,8101687,"['RUS', 'POL', 'SVK', 'HUN', 'SRB']",1,RUS,SRB,"[1.75, 0.25, 0.25, 0.25, 1.5]",4.0,RUSSRB
7,8092746,"['RUS', 'GEO', 'TUR', 'BGR', 'SRB']",1,RUS,SRB,"[1.75, 1.5, 1.5, 0.5, 1.5]",6.75,RUSSRB
8,8103744,"['RUS', 'UKR', 'HUN', 'HRV', 'SRB']",1,RUS,SRB,"[1.75, 1.5, 0.25, 0.5, 1.5]",5.5,RUSSRB
9,8090554,"['RUS', 'BLR', 'UKR', 'HUN', 'SRB']",1,RUS,SRB,"[1.75, 1.75, 1.5, 0.25, 1.5]",6.75,RUSSRB
0,8106613,"['RUS', 'AZE', 'TUR']",1,RUS,TUR,"[1.75, 1.5, 1.5]",4.75,RUSTUR
1,8114264,"['RUS', 'GEO', 'TUR']",1,RUS,TUR,"[1.75, 1.5, 1.5]",4.75,RUSTUR
2,8106612,"['RUS', 'AZE', 'GEO', 'TUR']",1,RUS,TUR,"[1.75, 1.5, 1.5, 1.5]",6.25,RUSTUR
3,8114263,"['RUS', 'GEO', 'AZE', 'TUR']",1,RUS,TUR,"[1.75, 1.5, 1.5, 1.5]",6.25,RUSTUR
4,8136257,"['RUS', 'UKR', 'ROU', 'BGR', 'TUR']",1,RUS,TUR,"[1.75, 1.5, 0.5, 0.5, 1.5]",5.75,RUSTUR
5,8132991,"['RUS', 'UKR', 'HUN', 'SRB', 'BGR', 'TUR']",1,RUS,TUR,"[1.75, 1.5, 0.25, 1.5, 0.5, 1.5]",7.0,RUSTUR
6,8132889,"['RUS', 'UKR', 'HUN', 'ROU', 'BGR', 'TUR']",1,RUS,TUR,"[1.75, 1.5, 0.25, 0.5, 0.5, 1.5]",6.0,RUSTUR
7,8112028,"['RUS', 'BLR', 'UKR', 'ROU', 'BGR', 'TUR']",1,RUS,TUR,"[1.75, 1.75, 1.5, 0.5, 0.5, 1.5]",7.5,RUSTUR
8,8130325,"['RUS', 'POL', 'UKR', 'ROU', 'BGR', 'TUR']",1,RUS,TUR,"[1.75, 0.25, 1.5, 0.5, 0.5, 1.5]",6.0,RUSTUR
9,8136070,"['RUS', 'UKR', 'ROU', 'BGR', 'GRC', 'TUR']",1,RUS,TUR,"[1.75, 1.5, 0.5, 0.5, 0.5, 1.5]",6.25,RUSTUR
0,8152884,"['RUS', 'UKR']",1,RUS,UKR,"[1.75, 1.5]",3.25,RUSUKR
1,8152883,"['RUS', 'POL', 'UKR']",1,RUS,UKR,"[1.75, 0.25, 1.5]",3.5,RUSUKR
2,8142843,"['RUS', 'BLR', 'UKR']",1,RUS,UKR,"[1.75, 1.75, 1.5]",5.0,RUSUKR
3,8146729,"['RUS', 'LTU', 'BLR', 'UKR']",1,RUS,UKR,"[1.75, 0.25, 1.75, 1.5]",5.25,RUSUKR
4,8152882,"['RUS', 'POL', 'SVK', 'UKR']",1,RUS,UKR,"[1.75, 0.25, 0.25, 1.5]",3.75,RUSUKR
5,8145270,"['RUS', 'LVA', 'BLR', 'UKR']",1,RUS,UKR,"[1.75, 0.25, 1.75, 1.5]",5.25,RUSUKR
6,8148644,"['RUS', 'LTU', 'POL', 'UKR']",1,RUS,UKR,"[1.75, 0.25, 0.25, 1.5]",3.75,RUSUKR
7,8148645,"['RUS', 'POL', 'BLR', 'UKR']",1,RUS,UKR,"[1.75, 0.25, 1.75, 1.5]",5.25,RUSUKR
8,8142842,"['RUS', 'BLR', 'POL', 'UKR']",1,RUS,UKR,"[1.75, 1.75, 0.25, 1.5]",5.25,RUSUKR
9,8146728,"['RUS', 'LTU', 'BLR', 'POL', 'UKR']",1,RUS,UKR,"[1.75, 0.25, 1.75, 0.25, 1.5]",5.5,RUSUKR
0,8153981,"['SRB', 'BIH']",1,SRB,BIH,"[1.5, 1.5]",3.0,SRBBIH
1,8153514,"['SRB', 'ALB', 'MNE', 'BIH']",1,SRB,BIH,"[1.5, 1.5, 1.5, 1.5]",6.0,SRBBIH
2,8152911,"['SRB', 'ALB', 'GRC', 'BGR', 'ROU', 'HUN', 'HRV', 'BIH']",1,SRB,BIH,"[1.5, 1.5, 0.5, 0.5, 0.5, 0.25, 0.5, 1.5]",6.75,SRBBIH
3,8153563,"['SRB', 'ALB', 'MKD', 'BGR', 'ROU', 'HUN', 'HRV', 'BIH']",1,SRB,BIH,"[1.5, 1.5, 1.5, 0.5, 0.5, 0.25, 0.5, 1.5]",7.75,SRBBIH
4,8152937,"['SRB', 'ALB', 'GRC', 'BGR', 'ROU', 'HUN', 'SVN', 'HRV', 'BIH']",1,SRB,BIH,"[1.5, 1.5, 0.5, 0.5, 0.5, 0.25, 0.25, 0.5, 1.5]",7.0,SRBBIH
5,8153021,"['SRB', 'ALB', 'GRC', 'BGR', 'ROU', 'UKR', 'HUN', 'HRV', 'BIH']",1,SRB,BIH,"[1.5, 1.5, 0.5, 0.5, 0.5, 1.5, 0.25, 0.5, 1.5]",8.25,SRBBIH
6,8153177,"['SRB', 'ALB', 'GRC', 'MKD', 'BGR', 'ROU', 'HUN', 'HRV', 'BIH']",1,SRB,BIH,"[1.5, 1.5, 0.5, 1.5, 0.5, 0.5, 0.25, 0.5, 1.5]",8.25,SRBBIH
7,8153360,"['SRB', 'ALB', 'GRC', 'TUR', 'BGR', 'ROU', 'HUN', 'HRV', 'BIH']",1,SRB,BIH,"[1.5, 1.5, 0.5, 1.5, 0.5, 0.5, 0.25, 0.5, 1.5]",8.25,SRBBIH
8,8153589,"['SRB', 'ALB', 'MKD', 'BGR', 'ROU', 'HUN', 'SVN', 'HRV', 'BIH']",1,SRB,BIH,"[1.5, 1.5, 1.5, 0.5, 0.5, 0.25, 0.25, 0.5, 1.5]",8.0,SRBBIH
9,8153673,"['SRB', 'ALB', 'MKD', 'BGR', 'ROU', 'UKR', 'HUN', 'HRV', 'BIH']",1,SRB,BIH,"[1.5, 1.5, 1.5, 0.5, 0.5, 1.5, 0.25, 0.5, 1.5]",9.25,SRBBIH
0,8157955,"['SRB', 'HUN', 'AUT', 'DEU']",1,SRB,DEU,"[1.5, 0.25, 0.0, 0.0]",1.75,SRBDEU
1,8157954,"['SRB', 'HUN', 'AUT', 'CZE', 'DEU']",1,SRB,DEU,"[1.5, 0.25, 0.0, 0.25, 0.0]",2.0,SRBDEU
2,8158645,"['SRB', 'HUN', 'SVN', 'AUT', 'DEU']",1,SRB,DEU,"[1.5, 0.25, 0.25, 0.0, 0.0]",2.0,SRBDEU
3,8157668,"['SRB', 'HRV', 'SVN', 'AUT', 'DEU']",1,SRB,DEU,"[1.5, 0.5, 0.25, 0.0, 0.0]",2.25,SRBDEU
4,8158466,"['SRB', 'HUN', 'SVK', 'POL', 'DEU']",1,SRB,DEU,"[1.5, 0.25, 0.25, 0.25, 0.0]",2.25,SRBDEU
5,8158386,"['SRB', 'HUN', 'SVK', 'CZE', 'DEU']",1,SRB,DEU,"[1.5, 0.25, 0.25, 0.25, 0.0]",2.25,SRBDEU
6,8158845,"['SRB', 'HUN', 'UKR', 'POL', 'DEU']",1,SRB,DEU,"[1.5, 0.25, 1.5, 0.25, 0.0]",3.5,SRBDEU
7,8157037,"['SRB', 'HRV', 'HUN', 'AUT', 'DEU']",1,SRB,DEU,"[1.5, 0.5, 0.25, 0.0, 0.0]",2.25,SRBDEU
8,8158384,"['SRB', 'HUN', 'SVK', 'AUT', 'DEU']",1,SRB,DEU,"[1.5, 0.25, 0.25, 0.0, 0.0]",2.0,SRBDEU
9,8161373,"['SRB', 'ROU', 'HUN', 'AUT', 'DEU']",1,SRB,DEU,"[1.5, 0.5, 0.25, 0.0, 0.0]",2.25,SRBDEU
0,8182559,"['SRB', 'MKD']",1,SRB,MKD,"[1.5, 1.5]",3.0,SRBMKD
1,8165614,"['SRB', 'BGR', 'MKD']",1,SRB,MKD,"[1.5, 0.5, 1.5]",3.5,SRBMKD
2,8163023,"['SRB', 'ALB', 'MKD']",1,SRB,MKD,"[1.5, 1.5, 1.5]",4.5,SRBMKD
3,8162298,"['SRB', 'ALB', 'GRC', 'MKD']",1,SRB,MKD,"[1.5, 1.5, 0.5, 1.5]",5.0,SRBMKD
4,8165613,"['SRB', 'BGR', 'GRC', 'MKD']",1,SRB,MKD,"[1.5, 0.5, 0.5, 1.5]",4.0,SRBMKD
5,8180022,"['SRB', 'MNE', 'ALB', 'MKD']",1,SRB,MKD,"[1.5, 1.5, 1.5, 1.5]",6.0,SRBMKD
6,8162297,"['SRB', 'ALB', 'GRC', 'BGR', 'MKD']",1,SRB,MKD,"[1.5, 1.5, 0.5, 0.5, 1.5]",5.5,SRBMKD
7,8173869,"['SRB', 'HUN', 'ROU', 'BGR', 'MKD']",1,SRB,MKD,"[1.5, 0.25, 0.5, 0.5, 1.5]",4.25,SRBMKD
8,8164994,"['SRB', 'BIH', 'MNE', 'ALB', 'MKD']",1,SRB,MKD,"[1.5, 1.5, 1.5, 1.5, 1.5]",7.5,SRBMKD
9,8165612,"['SRB', 'BGR', 'GRC', 'ALB', 'MKD']",1,SRB,MKD,"[1.5, 0.5, 0.5, 1.5, 1.5]",5.5,SRBMKD
0,8216353,"['TUR', 'BGR', 'ROU', 'MDA']",1,TUR,MDA,"[1.5, 0.5, 0.5, 1.5]",4.0,TURMDA
1,8214168,"['TUR', 'AZE', 'RUS', 'UKR', 'MDA']",1,TUR,MDA,"[1.5, 1.5, 1.75, 1.5, 1.5]",7.75,TURMDA
2,8220927,"['TUR', 'GEO', 'RUS', 'UKR', 'MDA']",1,TUR,MDA,"[1.5, 1.5, 1.75, 1.5, 1.5]",7.75,TURMDA
3,8218131,"['TUR', 'BGR', 'SRB', 'ROU', 'MDA']",1,TUR,MDA,"[1.5, 0.5, 1.5, 0.5, 1.5]",5.5,TURMDA
4,8222546,"['TUR', 'GRC', 'BGR', 'ROU', 'MDA']",1,TUR,MDA,"[1.5, 0.5, 0.5, 0.5, 1.5]",4.5,TURMDA
5,8216352,"['TUR', 'BGR', 'ROU', 'HUN', 'UKR', 'MDA']",1,TUR,MDA,"[1.5, 0.5, 0.5, 0.25, 1.5, 1.5]",5.75,TURMDA
6,8212025,"['TUR', 'AZE', 'GEO', 'RUS', 'UKR', 'MDA']",1,TUR,MDA,"[1.5, 1.5, 1.5, 1.75, 1.5, 1.5]",9.25,TURMDA
7,8213827,"['TUR', 'AZE', 'RUS', 'POL', 'UKR', 'MDA']",1,TUR,MDA,"[1.5, 1.5, 1.75, 0.25, 1.5, 1.5]",8.0,TURMDA
8,8217730,"['TUR', 'BGR', 'SRB', 'HUN', 'UKR', 'MDA']",1,TUR,MDA,"[1.5, 0.5, 1.5, 0.25, 1.5, 1.5]",6.75,TURMDA
9,8215499,"['TUR', 'BGR', 'MKD', 'SRB', 'ROU', 'MDA']",1,TUR,MDA,"[1.5, 0.5, 1.5, 1.5, 0.5, 1.5]",7.0,TURMDA
0,8224641,"['UKR', 'HUN', 'AUT']",1,UKR,AUT,"[1.5, 0.25, 0.0]",1.75,UKRAUT
1,8226681,"['UKR', 'SVK', 'AUT']",1,UKR,AUT,"[1.5, 0.25, 0.0]",1.75,UKRAUT
2,8225114,"['UKR', 'POL', 'CZE', 'AUT']",1,UKR,AUT,"[1.5, 0.25, 0.25, 0.0]",2.0,UKRAUT
3,8225115,"['UKR', 'POL', 'DEU', 'AUT']",1,UKR,AUT,"[1.5, 0.25, 0.0, 0.0]",1.75,UKRAUT
4,8225454,"['UKR', 'POL', 'SVK', 'AUT']",1,UKR,AUT,"[1.5, 0.25, 0.25, 0.0]",2.0,UKRAUT
5,8225866,"['UKR', 'ROU', 'HUN', 'AUT']",1,UKR,AUT,"[1.5, 0.5, 0.25, 0.0]",2.25,UKRAUT
6,8224331,"['UKR', 'BLR', 'POL', 'DEU', 'AUT']",1,UKR,AUT,"[1.5, 1.75, 0.25, 0.0, 0.0]",3.5,UKRAUT
7,8224330,"['UKR', 'BLR', 'POL', 'CZE', 'AUT']",1,UKR,AUT,"[1.5, 1.75, 0.25, 0.25, 0.0]",3.75,UKRAUT
8,8224856,"['UKR', 'MDA', 'ROU', 'HUN', 'AUT']",1,UKR,AUT,"[1.5, 1.5, 0.5, 0.25, 0.0]",3.75,UKRAUT
9,8224432,"['UKR', 'BLR', 'POL', 'SVK', 'AUT']",1,UKR,AUT,"[1.5, 1.75, 0.25, 0.25, 0.0]",3.75,UKRAUT
0,8237329,"['UKR', 'ROU', 'BGR']",1,UKR,BGR,"[1.5, 0.5, 0.5]",2.5,UKRBGR
1,8232003,"['UKR', 'HUN', 'SRB', 'BGR']",1,UKR,BGR,"[1.5, 0.25, 1.5, 0.5]",3.75,UKRBGR
2,8231934,"['UKR', 'HUN', 'ROU', 'BGR']",1,UKR,BGR,"[1.5, 0.25, 0.5, 0.5]",2.75,UKRBGR
3,8234285,"['UKR', 'MDA', 'ROU', 'BGR']",1,UKR,BGR,"[1.5, 1.5, 0.5, 0.5]",4.0,UKRBGR
4,8243608,"['UKR', 'SVK', 'HUN', 'ROU', 'BGR']",1,UKR,BGR,"[1.5, 0.25, 0.25, 0.5, 0.5]",3.0,UKRBGR
5,8231545,"['UKR', 'HUN', 'HRV', 'SRB', 'BGR']",1,UKR,BGR,"[1.5, 0.25, 0.5, 1.5, 0.5]",4.25,UKRBGR
6,8238259,"['UKR', 'RUS', 'GEO', 'TUR', 'BGR']",1,UKR,BGR,"[1.5, 1.75, 1.5, 1.5, 0.5]",6.75,UKRBGR
7,8237331,"['UKR', 'RUS', 'AZE', 'TUR', 'BGR']",1,UKR,BGR,"[1.5, 1.75, 1.5, 1.5, 0.5]",6.75,UKRBGR
8,8243630,"['UKR', 'SVK', 'HUN', 'SRB', 'BGR']",1,UKR,BGR,"[1.5, 0.25, 0.25, 1.5, 0.5]",4.0,UKRBGR
9,8229465,"['UKR', 'BLR', 'RUS', 'AZE', 'TUR', 'BGR']",1,UKR,BGR,"[1.5, 1.75, 1.75, 1.5, 1.5, 0.5]",8.5,UKRBGR
0,8249854,"['UKR', 'HUN', 'SRB', 'BIH']",1,UKR,BIH,"[1.5, 0.25, 1.5, 1.5]",4.75,UKRBIH
1,8249686,"['UKR', 'HUN', 'HRV', 'BIH']",1,UKR,BIH,"[1.5, 0.25, 0.5, 1.5]",3.75,UKRBIH
2,8257571,"['UKR', 'ROU', 'SRB', 'BIH']",1,UKR,BIH,"[1.5, 0.5, 1.5, 1.5]",5.0,UKRBIH
3,8256548,"['UKR', 'ROU', 'HUN', 'HRV', 'BIH']",1,UKR,BIH,"[1.5, 0.5, 0.25, 0.5, 1.5]",4.25,UKRBIH
4,8249810,"['UKR', 'HUN', 'ROU', 'SRB', 'BIH']",1,UKR,BIH,"[1.5, 0.25, 0.5, 1.5, 1.5]",5.25,UKRBIH
5,8255817,"['UKR', 'ROU', 'BGR', 'SRB', 'BIH']",1,UKR,BIH,"[1.5, 0.5, 0.5, 1.5, 1.5]",5.5,UKRBIH
6,8252821,"['UKR', 'MDA', 'ROU', 'SRB', 'BIH']",1,UKR,BIH,"[1.5, 1.5, 0.5, 1.5, 1.5]",6.5,UKRBIH
7,8256566,"['UKR', 'ROU', 'HUN', 'SRB', 'BIH']",1,UKR,BIH,"[1.5, 0.5, 0.25, 1.5, 1.5]",5.25,UKRBIH
8,8251673,"['UKR', 'HUN', 'SVN', 'HRV', 'BIH']",1,UKR,BIH,"[1.5, 0.25, 0.25, 0.5, 1.5]",4.0,UKRBIH
9,8263562,"['UKR', 'SVK', 'HUN', 'HRV', 'BIH']",1,UKR,BIH,"[1.5, 0.25, 0.25, 0.5, 1.5]",4.0,UKRBIH
0,8264763,"['UKR', 'BLR']",1,UKR,BLR,"[1.5, 1.75]",3.25,UKRBLR
0,8267253,"['UKR', 'POL', 'CZE']",1,UKR,CZE,"[1.5, 0.25, 0.25]",2.0,UKRCZE
1,8269301,"['UKR', 'SVK', 'CZE']",1,UKR,CZE,"[1.5, 0.25, 0.25]",2.0,UKRCZE
2,8265181,"['UKR', 'HUN', 'AUT', 'CZE']",1,UKR,CZE,"[1.5, 0.25, 0.0, 0.25]",2.0,UKRCZE
3,8269299,"['UKR', 'RUS', 'POL', 'CZE']",1,UKR,CZE,"[1.5, 1.75, 0.25, 0.25]",3.75,UKRCZE
4,8266242,"['UKR', 'HUN', 'SVK', 'CZE']",1,UKR,CZE,"[1.5, 0.25, 0.25, 0.25]",2.25,UKRCZE
5,8269300,"['UKR', 'SVK', 'AUT', 'CZE']",1,UKR,CZE,"[1.5, 0.25, 0.0, 0.25]",2.0,UKRCZE
6,8264964,"['UKR', 'BLR', 'POL', 'CZE']",1,UKR,CZE,"[1.5, 1.75, 0.25, 0.25]",3.75,UKRCZE
7,8266243,"['UKR', 'HUN', 'SVN', 'AUT', 'CZE']",1,UKR,CZE,"[1.5, 0.25, 0.25, 0.0, 0.25]",2.25,UKRCZE
8,8268111,"['UKR', 'ROU', 'HUN', 'SVK', 'CZE']",1,UKR,CZE,"[1.5, 0.5, 0.25, 0.25, 0.25]",2.75,UKRCZE
9,8266241,"['UKR', 'HUN', 'SVK', 'AUT', 'CZE']",1,UKR,CZE,"[1.5, 0.25, 0.25, 0.0, 0.25]",2.25,UKRCZE
0,8271841,"['UKR', 'POL', 'DEU']",1,UKR,DEU,"[1.5, 0.25, 0.0]",1.75,UKRDEU
1,8273990,"['UKR', 'SVK', 'CZE', 'DEU']",1,UKR,DEU,"[1.5, 0.25, 0.25, 0.0]",2.0,UKRDEU
2,8269524,"['UKR', 'BLR', 'POL', 'DEU']",1,UKR,DEU,"[1.5, 1.75, 0.25, 0.0]",3.5,UKRDEU
3,8273988,"['UKR', 'SVK', 'AUT', 'DEU']",1,UKR,DEU,"[1.5, 0.25, 0.0, 0.0]",1.75,UKRDEU
4,8273986,"['UKR', 'RUS', 'POL', 'DEU']",1,UKR,DEU,"[1.5, 1.75, 0.25, 0.0]",3.5,UKRDEU
5,8274640,"['UKR', 'SVK', 'POL', 'DEU']",1,UKR,DEU,"[1.5, 0.25, 0.25, 0.0]",2.0,UKRDEU
6,8269750,"['UKR', 'HUN', 'AUT', 'DEU']",1,UKR,DEU,"[1.5, 0.25, 0.0, 0.0]",1.75,UKRDEU
7,8271840,"['UKR', 'POL', 'CZE', 'DEU']",1,UKR,DEU,"[1.5, 0.25, 0.25, 0.0]",2.0,UKRDEU
8,8270772,"['UKR', 'HUN', 'SVK', 'CZE', 'DEU']",1,UKR,DEU,"[1.5, 0.25, 0.25, 0.25, 0.0]",2.25,UKRDEU
9,8270826,"['UKR', 'HUN', 'SVK', 'POL', 'DEU']",1,UKR,DEU,"[1.5, 0.25, 0.25, 0.25, 0.0]",2.25,UKRDEU
0,8292072,"['UKR', 'RUS', 'GEO']",1,UKR,GEO,"[1.5, 1.75, 1.5]",4.75,UKRGEO
1,8291089,"['UKR', 'RUS', 'AZE', 'GEO']",1,UKR,GEO,"[1.5, 1.75, 1.5, 1.5]",6.25,UKRGEO
2,8277083,"['UKR', 'BLR', 'RUS', 'GEO']",1,UKR,GEO,"[1.5, 1.75, 1.75, 1.5]",6.5,UKRGEO
3,8285706,"['UKR', 'POL', 'RUS', 'GEO']",1,UKR,GEO,"[1.5, 0.25, 1.75, 1.5]",5.0,UKRGEO
4,8276483,"['UKR', 'BLR', 'POL', 'RUS', 'GEO']",1,UKR,GEO,"[1.5, 1.75, 0.25, 1.75, 1.5]",6.75,UKRGEO
5,8283130,"['UKR', 'POL', 'BLR', 'RUS', 'GEO']",1,UKR,GEO,"[1.5, 0.25, 1.75, 1.75, 1.5]",6.75,UKRGEO
6,8296702,"['UKR', 'SVK', 'POL', 'RUS', 'GEO']",1,UKR,GEO,"[1.5, 0.25, 0.25, 1.75, 1.5]",5.25,UKRGEO
7,8285705,"['UKR', 'POL', 'RUS', 'AZE', 'GEO']",1,UKR,GEO,"[1.5, 0.25, 1.75, 1.5, 1.5]",6.5,UKRGEO
8,8287841,"['UKR', 'ROU', 'BGR', 'TUR', 'GEO']",1,UKR,GEO,"[1.5, 0.5, 0.5, 1.5, 1.5]",5.5,UKRGEO
9,8274848,"['UKR', 'BLR', 'LVA', 'RUS', 'GEO']",1,UKR,GEO,"[1.5, 1.75, 0.25, 1.75, 1.5]",6.75,UKRGEO
0,8309742,"['UKR', 'ROU', 'BGR', 'GRC']",1,UKR,GRC,"[1.5, 0.5, 0.5, 0.5]",3.0,UKRGRC
1,8302461,"['UKR', 'HUN', 'SRB', 'BGR', 'GRC']",1,UKR,GRC,"[1.5, 0.25, 1.5, 0.5, 0.5]",4.25,UKRGRC
2,8302409,"['UKR', 'HUN', 'SRB', 'ALB', 'GRC']",1,UKR,GRC,"[1.5, 0.25, 1.5, 1.5, 0.5]",5.25,UKRGRC
3,8312846,"['UKR', 'ROU', 'SRB', 'MKD', 'GRC']",1,UKR,GRC,"[1.5, 0.5, 1.5, 1.5, 0.5]",5.5,UKRGRC
4,8311606,"['UKR', 'ROU', 'SRB', 'ALB', 'GRC']",1,UKR,GRC,"[1.5, 0.5, 1.5, 1.5, 0.5]",5.5,UKRGRC
5,8304969,"['UKR', 'MDA', 'ROU', 'BGR', 'GRC']",1,UKR,GRC,"[1.5, 1.5, 0.5, 0.5, 0.5]",4.5,UKRGRC
6,8302645,"['UKR', 'HUN', 'SRB', 'MKD', 'GRC']",1,UKR,GRC,"[1.5, 0.25, 1.5, 1.5, 0.5]",5.25,UKRGRC
7,8311734,"['UKR', 'ROU', 'SRB', 'BGR', 'GRC']",1,UKR,GRC,"[1.5, 0.5, 1.5, 0.5, 0.5]",4.5,UKRGRC
8,8302334,"['UKR', 'HUN', 'ROU', 'BGR', 'GRC']",1,UKR,GRC,"[1.5, 0.25, 0.5, 0.5, 0.5]",3.25,UKRGRC
9,8312850,"['UKR', 'RUS', 'AZE', 'TUR', 'GRC']",1,UKR,GRC,"[1.5, 1.75, 1.5, 1.5, 0.5]",6.75,UKRGRC
0,8322884,"['UKR', 'HUN']",1,UKR,HUN,"[1.5, 0.25]",1.75,UKRHUN
1,8322392,"['UKR', 'BLR', 'POL', 'SVK', 'HUN']",1,UKR,HUN,"[1.5, 1.75, 0.25, 0.25, 0.25]",4.0,UKRHUN
2,8322883,"['UKR', 'BLR', 'RUS', 'POL', 'SVK', 'HUN']",1,UKR,HUN,"[1.5, 1.75, 1.75, 0.25, 0.25, 0.25]",5.75,UKRHUN
3,8322328,"['UKR', 'BLR', 'POL', 'SVK', 'AUT', 'HUN']",1,UKR,HUN,"[1.5, 1.75, 0.25, 0.25, 0.0, 0.25]",4.0,UKRHUN
4,8321960,"['UKR', 'BLR', 'POL', 'CZE', 'AUT', 'HUN']",1,UKR,HUN,"[1.5, 1.75, 0.25, 0.25, 0.0, 0.25]",4.0,UKRHUN
5,8322060,"['UKR', 'BLR', 'POL', 'DEU', 'AUT', 'HUN']",1,UKR,HUN,"[1.5, 1.75, 0.25, 0.0, 0.0, 0.25]",3.75,UKRHUN
6,8322058,"['UKR', 'BLR', 'POL', 'CZE', 'SVK', 'HUN']",1,UKR,HUN,"[1.5, 1.75, 0.25, 0.25, 0.25, 0.25]",4.25,UKRHUN
7,8321769,"['UKR', 'BLR', 'LTU', 'POL', 'SVK', 'HUN']",1,UKR,HUN,"[1.5, 1.75, 0.25, 0.25, 0.25, 0.25]",4.25,UKRHUN
8,8321961,"['UKR', 'BLR', 'POL', 'CZE', 'DEU', 'AUT', 'HUN']",1,UKR,HUN,"[1.5, 1.75, 0.25, 0.25, 0.0, 0.0, 0.25]",4.0,UKRHUN
9,8321615,"['UKR', 'BLR', 'LTU', 'POL', 'DEU', 'AUT', 'HUN']",1,UKR,HUN,"[1.5, 1.75, 0.25, 0.25, 0.0, 0.0, 0.25]",4.0,UKRHUN
0,8335914,"['UKR', 'SVK', 'AUT', 'ITA']",1,UKR,ITA,"[1.5, 0.25, 0.0, 0.25]",2.0,UKRITA
1,8327588,"['UKR', 'HUN', 'SVN', 'ITA']",1,UKR,ITA,"[1.5, 0.25, 0.25, 0.25]",2.25,UKRITA
2,8325586,"['UKR', 'HUN', 'AUT', 'ITA']",1,UKR,ITA,"[1.5, 0.25, 0.0, 0.25]",2.0,UKRITA
3,8329293,"['UKR', 'POL', 'DEU', 'AUT', 'ITA']",1,UKR,ITA,"[1.5, 0.25, 0.0, 0.0, 0.25]",2.0,UKRITA
4,8329981,"['UKR', 'POL', 'SVK', 'AUT', 'ITA']",1,UKR,ITA,"[1.5, 0.25, 0.25, 0.0, 0.25]",2.25,UKRITA
5,8328876,"['UKR', 'POL', 'CZE', 'AUT', 'ITA']",1,UKR,ITA,"[1.5, 0.25, 0.25, 0.0, 0.25]",2.25,UKRITA
6,8326855,"['UKR', 'HUN', 'SVK', 'AUT', 'ITA']",1,UKR,ITA,"[1.5, 0.25, 0.25, 0.0, 0.25]",2.25,UKRITA
7,8329411,"['UKR', 'POL', 'DEU', 'FRA', 'ITA']",1,UKR,ITA,"[1.5, 0.25, 0.0, 0.0, 0.25]",2.0,UKRITA
8,8327422,"['UKR', 'HUN', 'SVN', 'AUT', 'ITA']",1,UKR,ITA,"[1.5, 0.25, 0.25, 0.0, 0.25]",2.25,UKRITA
9,8326005,"['UKR', 'HUN', 'HRV', 'SVN', 'ITA']",1,UKR,ITA,"[1.5, 0.25, 0.5, 0.25, 0.25]",2.75,UKRITA
0,8357501,"['UKR', 'RUS', 'KAZ']",1,UKR,KAZ,"[1.5, 1.75, 1.75]",5.0,UKRKAZ
1,8350168,"['UKR', 'POL', 'RUS', 'KAZ']",1,UKR,KAZ,"[1.5, 0.25, 1.75, 1.75]",5.25,UKRKAZ
2,8340588,"['UKR', 'BLR', 'RUS', 'KAZ']",1,UKR,KAZ,"[1.5, 1.75, 1.75, 1.75]",6.75,UKRKAZ
3,8349955,"['UKR', 'POL', 'LTU', 'RUS', 'KAZ']",1,UKR,KAZ,"[1.5, 0.25, 0.25, 1.75, 1.75]",5.5,UKRKAZ
4,8337950,"['UKR', 'BLR', 'LVA', 'RUS', 'KAZ']",1,UKR,KAZ,"[1.5, 1.75, 0.25, 1.75, 1.75]",7.0,UKRKAZ
5,8347256,"['UKR', 'POL', 'BLR', 'RUS', 'KAZ']",1,UKR,KAZ,"[1.5, 0.25, 1.75, 1.75, 1.75]",7.0,UKRKAZ
6,8362490,"['UKR', 'SVK', 'POL', 'RUS', 'KAZ']",1,UKR,KAZ,"[1.5, 0.25, 0.25, 1.75, 1.75]",5.5,UKRKAZ
7,8338650,"['UKR', 'BLR', 'LTU', 'RUS', 'KAZ']",1,UKR,KAZ,"[1.5, 1.75, 0.25, 1.75, 1.75]",7.0,UKRKAZ
8,8339775,"['UKR', 'BLR', 'POL', 'RUS', 'KAZ']",1,UKR,KAZ,"[1.5, 1.75, 0.25, 1.75, 1.75]",7.0,UKRKAZ
9,8337887,"['UKR', 'BLR', 'LVA', 'LTU', 'RUS', 'KAZ']",1,UKR,KAZ,"[1.5, 1.75, 0.25, 0.25, 1.75, 1.75]",7.25,UKRKAZ
0,8375162,"['UKR', 'RUS', 'LTU']",1,UKR,LTU,"[1.5, 1.75, 0.25]",3.5,UKRLTU
1,8362511,"['UKR', 'BLR', 'LTU']",1,UKR,LTU,"[1.5, 1.75, 0.25]",3.5,UKRLTU
2,8370627,"['UKR', 'POL', 'LTU']",1,UKR,LTU,"[1.5, 0.25, 0.25]",2.0,UKRLTU
3,8362510,"['UKR', 'BLR', 'LVA', 'LTU']",1,UKR,LTU,"[1.5, 1.75, 0.25, 0.25]",3.75,UKRLTU
4,8379407,"['UKR', 'SVK', 'POL', 'LTU']",1,UKR,LTU,"[1.5, 0.25, 0.25, 0.25]",2.25,UKRLTU
5,8375161,"['UKR', 'RUS', 'LVA', 'LTU']",1,UKR,LTU,"[1.5, 1.75, 0.25, 0.25]",3.75,UKRLTU
6,8368068,"['UKR', 'POL', 'BLR', 'LTU']",1,UKR,LTU,"[1.5, 0.25, 1.75, 0.25]",3.75,UKRLTU
7,8374826,"['UKR', 'RUS', 'BLR', 'LTU']",1,UKR,LTU,"[1.5, 1.75, 1.75, 0.25]",5.25,UKRLTU
8,8374825,"['UKR', 'RUS', 'BLR', 'LVA', 'LTU']",1,UKR,LTU,"[1.5, 1.75, 1.75, 0.25, 0.25]",5.5,UKRLTU
9,8368067,"['UKR', 'POL', 'BLR', 'LVA', 'LTU']",1,UKR,LTU,"[1.5, 0.25, 1.75, 0.25, 0.25]",4.0,UKRLTU
0,8389031,"['UKR', 'MDA']",1,UKR,MDA,"[1.5, 1.5]",3.0,UKRMDA
1,8386021,"['UKR', 'HUN', 'ROU', 'MDA']",1,UKR,MDA,"[1.5, 0.25, 0.5, 1.5]",3.75,UKRMDA
2,8386559,"['UKR', 'HUN', 'SRB', 'ROU', 'MDA']",1,UKR,MDA,"[1.5, 0.25, 1.5, 0.5, 1.5]",5.25,UKRMDA
3,8386181,"['UKR', 'HUN', 'SRB', 'BGR', 'ROU', 'MDA']",1,UKR,MDA,"[1.5, 0.25, 1.5, 0.5, 0.5, 1.5]",5.75,UKRMDA
4,8385431,"['UKR', 'HUN', 'HRV', 'SRB', 'ROU', 'MDA']",1,UKR,MDA,"[1.5, 0.25, 0.5, 1.5, 0.5, 1.5]",5.75,UKRMDA
5,8386472,"['UKR', 'HUN', 'SRB', 'MKD', 'BGR', 'ROU', 'MDA']",1,UKR,MDA,"[1.5, 0.25, 1.5, 1.5, 0.5, 0.5, 1.5]",7.25,UKRMDA
6,8385319,"['UKR', 'HUN', 'HRV', 'MNE', 'SRB', 'ROU', 'MDA']",1,UKR,MDA,"[1.5, 0.25, 0.5, 1.5, 1.5, 0.5, 1.5]",7.25,UKRMDA
7,8385192,"['UKR', 'HUN', 'HRV', 'BIH', 'SRB', 'ROU', 'MDA']",1,UKR,MDA,"[1.5, 0.25, 0.5, 1.5, 1.5, 0.5, 1.5]",7.25,UKRMDA
8,8388606,"['UKR', 'HUN', 'SVN', 'HRV', 'SRB', 'ROU', 'MDA']",1,UKR,MDA,"[1.5, 0.25, 0.25, 0.5, 1.5, 0.5, 1.5]",6.0,UKRMDA
9,8382623,"['UKR', 'BLR', 'POL', 'SVK', 'HUN', 'ROU', 'MDA']",1,UKR,MDA,"[1.5, 1.75, 0.25, 0.25, 0.25, 0.5, 1.5]",6.0,UKRMDA
0,8402364,"['UKR', 'ROU', 'BGR', 'MKD']",1,UKR,MKD,"[1.5, 0.5, 0.5, 1.5]",4.0,UKRMKD
1,8395118,"['UKR', 'HUN', 'SRB', 'MKD']",1,UKR,MKD,"[1.5, 0.25, 1.5, 1.5]",4.75,UKRMKD
2,8405560,"['UKR', 'ROU', 'SRB', 'MKD']",1,UKR,MKD,"[1.5, 0.5, 1.5, 1.5]",5.0,UKRMKD
3,8397463,"['UKR', 'MDA', 'ROU', 'BGR', 'MKD']",1,UKR,MKD,"[1.5, 1.5, 0.5, 0.5, 1.5]",5.5,UKRMKD
4,8394853,"['UKR', 'HUN', 'ROU', 'SRB', 'MKD']",1,UKR,MKD,"[1.5, 0.25, 0.5, 1.5, 1.5]",5.25,UKRMKD
5,8402363,"['UKR', 'ROU', 'BGR', 'GRC', 'MKD']",1,UKR,MKD,"[1.5, 0.5, 0.5, 0.5, 1.5]",4.5,UKRMKD
6,8394930,"['UKR', 'HUN', 'SRB', 'BGR', 'MKD']",1,UKR,MKD,"[1.5, 0.25, 1.5, 0.5, 1.5]",5.25,UKRMKD
7,8394365,"['UKR', 'HUN', 'HRV', 'SRB', 'MKD']",1,UKR,MKD,"[1.5, 0.25, 0.5, 1.5, 1.5]",5.25,UKRMKD
8,8394764,"['UKR', 'HUN', 'ROU', 'BGR', 'MKD']",1,UKR,MKD,"[1.5, 0.25, 0.5, 0.5, 1.5]",4.25,UKRMKD
9,8394869,"['UKR', 'HUN', 'SRB', 'ALB', 'MKD']",1,UKR,MKD,"[1.5, 0.25, 1.5, 1.5, 1.5]",6.25,UKRMKD
0,8418442,"['UKR', 'POL']",1,UKR,POL,"[1.5, 0.25]",1.75,UKRPOL
1,8413958,"['UKR', 'BLR', 'POL']",1,UKR,POL,"[1.5, 1.75, 0.25]",3.5,UKRPOL
2,8416491,"['UKR', 'HUN', 'SVK', 'POL']",1,UKR,POL,"[1.5, 0.25, 0.25, 0.25]",2.25,UKRPOL
3,8413957,"['UKR', 'BLR', 'LTU', 'POL']",1,UKR,POL,"[1.5, 1.75, 0.25, 0.25]",3.75,UKRPOL
4,8414061,"['UKR', 'HUN', 'AUT', 'DEU', 'POL']",1,UKR,POL,"[1.5, 0.25, 0.0, 0.0, 0.25]",2.0,UKRPOL
5,8416490,"['UKR', 'HUN', 'SVK', 'CZE', 'POL']",1,UKR,POL,"[1.5, 0.25, 0.25, 0.25, 0.25]",2.5,UKRPOL
6,8413860,"['UKR', 'BLR', 'LVA', 'LTU', 'POL']",1,UKR,POL,"[1.5, 1.75, 0.25, 0.25, 0.25]",4.0,UKRPOL
7,8413924,"['UKR', 'BLR', 'LVA', 'RUS', 'POL']",1,UKR,POL,"[1.5, 1.75, 0.25, 1.75, 0.25]",5.5,UKRPOL
8,8414266,"['UKR', 'HUN', 'AUT', 'SVK', 'POL']",1,UKR,POL,"[1.5, 0.25, 0.0, 0.25, 0.25]",2.25,UKRPOL
9,8414006,"['UKR', 'HUN', 'AUT', 'CZE', 'POL']",1,UKR,POL,"[1.5, 0.25, 0.0, 0.25, 0.25]",2.25,UKRPOL
0,8432200,"['UKR', 'POL', 'DEU', 'FRA', 'ESP', 'PRT']",1,UKR,PRT,"[1.5, 0.25, 0.0, 0.0, 0.25, 0.0]",2.0,UKRPRT
1,8420950,"['UKR', 'BLR', 'POL', 'DEU', 'FRA', 'ESP', 'PRT']",1,UKR,PRT,"[1.5, 1.75, 0.25, 0.0, 0.0, 0.25, 0.0]",3.75,UKRPRT
2,8423248,"['UKR', 'HUN', 'AUT', 'DEU', 'FRA', 'ESP', 'PRT']",1,UKR,PRT,"[1.5, 0.25, 0.0, 0.0, 0.0, 0.25, 0.0]",2.0,UKRPRT
3,8423439,"['UKR', 'HUN', 'AUT', 'ITA', 'FRA', 'ESP', 'PRT']",1,UKR,PRT,"[1.5, 0.25, 0.0, 0.25, 0.0, 0.25, 0.0]",2.25,UKRPRT
4,8432112,"['UKR', 'POL', 'DEU', 'FRA', 'AND', 'ESP', 'PRT']",1,UKR,PRT,"[1.5, 0.25, 0.0, 0.0, 0.25, 0.0]",2.0,UKRPRT
5,8432330,"['UKR', 'POL', 'DEU', 'LUX', 'FRA', 'ESP', 'PRT']",1,UKR,PRT,"[1.5, 0.25, 0.0, 0.0, 0.0, 0.25, 0.0]",2.0,UKRPRT
6,8424098,"['UKR', 'HUN', 'AUT', 'CHE', 'FRA', 'ESP', 'PRT']",1,UKR,PRT,"[1.5, 0.25, 0.0, 1.0, 0.0, 0.25, 0.0]",3.0,UKRPRT
7,8431796,"['UKR', 'POL', 'DEU', 'BEL', 'FRA', 'ESP', 'PRT']",1,UKR,PRT,"[1.5, 0.25, 0.0, 0.0, 0.0, 0.25, 0.0]",2.0,UKRPRT
8,8430814,"['UKR', 'POL', 'CZE', 'DEU', 'FRA', 'ESP', 'PRT']",1,UKR,PRT,"[1.5, 0.25, 0.25, 0.0, 0.0, 0.25, 0.0]",2.25,UKRPRT
9,8428171,"['UKR', 'HUN', 'SVN', 'ITA', 'FRA', 'ESP', 'PRT']",1,UKR,PRT,"[1.5, 0.25, 0.25, 0.25, 0.0, 0.25, 0.0]",2.5,UKRPRT
0,8462571,"['UKR', 'RUS']",1,UKR,RUS,"[1.5, 1.75]",3.25,UKRRUS
1,8458687,"['UKR', 'POL', 'RUS']",1,UKR,RUS,"[1.5, 0.25, 1.75]",3.5,UKRRUS
2,8450421,"['UKR', 'BLR', 'RUS']",1,UKR,RUS,"[1.5, 1.75, 1.75]",5.0,UKRRUS
3,8458686,"['UKR', 'POL', 'LTU', 'RUS']",1,UKR,RUS,"[1.5, 0.25, 0.25, 1.75]",3.75,UKRRUS
4,8449001,"['UKR', 'BLR', 'LVA', 'RUS']",1,UKR,RUS,"[1.5, 1.75, 0.25, 1.75]",5.25,UKRRUS
5,8456121,"['UKR', 'POL', 'BLR', 'RUS']",1,UKR,RUS,"[1.5, 0.25, 1.75, 1.75]",5.25,UKRRUS
6,8449391,"['UKR', 'BLR', 'LTU', 'RUS']",1,UKR,RUS,"[1.5, 1.75, 0.25, 1.75]",5.25,UKRRUS
7,8450420,"['UKR', 'BLR', 'POL', 'RUS']",1,UKR,RUS,"[1.5, 1.75, 0.25, 1.75]",5.25,UKRRUS
8,8449000,"['UKR', 'BLR', 'LVA', 'LTU', 'RUS']",1,UKR,RUS,"[1.5, 1.75, 0.25, 0.25, 1.75]",5.5,UKRRUS
9,8449003,"['UKR', 'BLR', 'LTU', 'LVA', 'RUS']",1,UKR,RUS,"[1.5, 1.75, 0.25, 0.25, 1.75]",5.5,UKRRUS
0,8467507,"['UKR', 'HUN', 'SRB']",1,UKR,SRB,"[1.5, 0.25, 1.5]",3.25,UKRSRB
1,8471340,"['UKR', 'ROU', 'SRB']",1,UKR,SRB,"[1.5, 0.5, 1.5]",3.5,UKRSRB
2,8467506,"['UKR', 'HUN', 'ROU', 'SRB']",1,UKR,SRB,"[1.5, 0.25, 0.5, 1.5]",3.75,UKRSRB
3,8471339,"['UKR', 'ROU', 'HUN', 'SRB']",1,UKR,SRB,"[1.5, 0.5, 0.25, 1.5]",3.75,UKRSRB
4,8467829,"['UKR', 'MDA', 'ROU', 'SRB']",1,UKR,SRB,"[1.5, 1.5, 0.5, 1.5]",5.0,UKRSRB
5,8470701,"['UKR', 'ROU', 'BGR', 'SRB']",1,UKR,SRB,"[1.5, 0.5, 0.5, 1.5]",4.0,UKRSRB
6,8477257,"['UKR', 'SVK', 'HUN', 'SRB']",1,UKR,SRB,"[1.5, 0.25, 0.25, 1.5]",3.5,UKRSRB
7,8467455,"['UKR', 'HUN', 'HRV', 'SRB']",1,UKR,SRB,"[1.5, 0.25, 0.5, 1.5]",3.75,UKRSRB
8,8470587,"['UKR', 'POL', 'SVK', 'HUN', 'SRB']",1,UKR,SRB,"[1.5, 0.25, 0.25, 0.25, 1.5]",3.75,UKRSRB
9,8467505,"['UKR', 'HUN', 'ROU', 'BGR', 'SRB']",1,UKR,SRB,"[1.5, 0.25, 0.5, 0.5, 1.5]",4.25,UKRSRB
0,8496510,"['UKR', 'RUS', 'AZE', 'TUR']",1,UKR,TUR,"[1.5, 1.75, 1.5, 1.5]",6.25,UKRTUR
1,8493140,"['UKR', 'ROU', 'BGR', 'TUR']",1,UKR,TUR,"[1.5, 0.5, 0.5, 1.5]",4.0,UKRTUR
2,8497494,"['UKR', 'RUS', 'GEO', 'TUR']",1,UKR,TUR,"[1.5, 1.75, 1.5, 1.5]",6.25,UKRTUR
3,8491025,"['UKR', 'POL', 'RUS', 'GEO', 'TUR']",1,UKR,TUR,"[1.5, 0.25, 1.75, 1.5, 1.5]",6.5,UKRTUR
4,8484299,"['UKR', 'HUN', 'SRB', 'BGR', 'TUR']",1,UKR,TUR,"[1.5, 0.25, 1.5, 0.5, 1.5]",5.25,UKRTUR
5,8495356,"['UKR', 'ROU', 'SRB', 'BGR', 'TUR']",1,UKR,TUR,"[1.5, 0.5, 1.5, 0.5, 1.5]",5.5,UKRTUR
6,8481189,"['UKR', 'BLR', 'RUS', 'GEO', 'TUR']",1,UKR,TUR,"[1.5, 1.75, 1.75, 1.5, 1.5]",8.0,UKRTUR
7,8492559,"['UKR', 'ROU', 'BGR', 'GRC', 'TUR']",1,UKR,TUR,"[1.5, 0.5, 0.5, 0.5, 1.5]",4.5,UKRTUR
8,8481173,"['UKR', 'BLR', 'RUS', 'AZE', 'TUR']",1,UKR,TUR,"[1.5, 1.75, 1.75, 1.5, 1.5]",8.0,UKRTUR
9,8491023,"['UKR', 'POL', 'RUS', 'AZE', 'TUR']",1,UKR,TUR,"[1.5, 0.25, 1.75, 1.5, 1.5]",6.5,UKRTUR
